-- phpMyAdmin SQL Dump
-- version 4.7.4
-- https://www.phpmyadmin.net/
--
-- Host: 127.0.0.1
-- Generation Time: Nov 01, 2017 at 05:12 PM
-- Server version: 10.1.28-MariaDB
-- PHP Version: 7.1.10

SET SQL_MODE = "NO_AUTO_VALUE_ON_ZERO";
SET AUTOCOMMIT = 0;
START TRANSACTION;
SET time_zone = "+00:00";


/*!40101 SET @OLD_CHARACTER_SET_CLIENT=@@CHARACTER_SET_CLIENT */;
/*!40101 SET @OLD_CHARACTER_SET_RESULTS=@@CHARACTER_SET_RESULTS */;
/*!40101 SET @OLD_COLLATION_CONNECTION=@@COLLATION_CONNECTION */;
/*!40101 SET NAMES utf8mb4 */;

--
-- Database: `et_cbr`
--

-- --------------------------------------------------------

--
-- Table structure for table `data_chiangmai`
--

CREATE TABLE `data_chiangmai` (
  `id_chiangmai` int(5) NOT NULL,
  `tourism` text COLLATE utf8_unicode_ci NOT NULL,
  `travel_form` text COLLATE utf8_unicode_ci,
  `vehicle` text COLLATE utf8_unicode_ci,
  `travel_time` text COLLATE utf8_unicode_ci,
  `camp` text COLLATE utf8_unicode_ci,
  `charges` text COLLATE utf8_unicode_ci,
  `score_KrubaSrivichai` varchar(20) COLLATE utf8_unicode_ci DEFAULT NULL,
  `score_DoiSuthep` varchar(20) COLLATE utf8_unicode_ci DEFAULT NULL,
  `score_ChiangMaiZoo` varchar(20) COLLATE utf8_unicode_ci DEFAULT NULL,
  `score_InthanonAgrRoyal` varchar(20) COLLATE utf8_unicode_ci DEFAULT NULL,
  `score_BhubingPalace` varchar(20) COLLATE utf8_unicode_ci DEFAULT NULL,
  `score_DoiInthanon` varchar(20) COLLATE utf8_unicode_ci DEFAULT NULL,
  `facilities_KrubaSrivichai` text COLLATE utf8_unicode_ci,
  `facilities_DoiSuthep` text COLLATE utf8_unicode_ci,
  `facilities_ChiangMaiZoo` text COLLATE utf8_unicode_ci,
  `facilities_InthanonAgrRoyal` text COLLATE utf8_unicode_ci,
  `facilities_BhubingPalace` text COLLATE utf8_unicode_ci,
  `facilities_DoiInthanon` text COLLATE utf8_unicode_ci,
  `id_chiangrai` int(5) NOT NULL
) ENGINE=InnoDB DEFAULT CHARSET=utf8 COLLATE=utf8_unicode_ci;

--
-- Dumping data for table `data_chiangmai`
--

INSERT INTO `data_chiangmai` (`id_chiangmai`, `tourism`, `travel_form`, `vehicle`, `travel_time`, `camp`, `charges`, `score_KrubaSrivichai`, `score_DoiSuthep`, `score_ChiangMaiZoo`, `score_InthanonAgrRoyal`, `score_BhubingPalace`, `score_DoiInthanon`, `facilities_KrubaSrivichai`, `facilities_DoiSuthep`, `facilities_ChiangMaiZoo`, `facilities_InthanonAgrRoyal`, `facilities_BhubingPalace`, `facilities_DoiInthanon`, `id_chiangrai`) VALUES
(1, '0', '', '', '', '', '', '', '', '', '', '', '', '', '', '', '', '', '', 1),
(2, '0', '', '', '', '', '', '', '', '', '', '', '', '', '', '', '', '', '', 2),
(3, '1', 'แพคเกจท่องเที่ยว', 'รถตู้', '2 - 3 วัน', 'รีสอร์ท', '1,000 - 3,000 บาท', 'ที่นั่งพัก', 'ที่นั่งพัก', 'ที่นั่งพัก', 'ที่นั่งพัก', 'ที่นั่งพัก', 'ที่นั่งพัก', '', '', '', '', '', '', 3),
(4, '1', 'ครอบครัว', 'รถส่วนตัว', '4 – 5 วัน', 'รีสอร์ท', 'มากกว่า 5,000 บาท', 'อื่นๆ', 'พื้นราบสำหรับรถเข็น', 'อื่นๆ', 'อื่นๆ', 'อื่นๆ', 'พื้นราบสำหรับรถเข็น', '', 'ที่นั่งพัก, สุขาผู้สูงอายุ/ผู้พิการ', '', '', '', 'ที่นั่งพัก, สุขาผู้สูงอายุ/ผู้พิการ', 4),
(5, '1', 'ครอบครัว', 'รถส่วนตัว', '4 – 5 วัน', 'บ้านญาติ', 'มากกว่า 5,000 บาท', '5', '5', '5', '5', '5', '5', 'ที่นั่งพัก', 'ที่นั่งพัก', 'ที่นั่งพัก', 'ที่นั่งพัก', 'ที่นั่งพัก', 'ที่นั่งพัก', 5),
(6, '1', 'ครอบครัว', 'รถส่วนตัว', '2 - 3 วัน', 'โรงแรม', '3,000 – 5,000 บาท', '4', '4', '4', '3', '4', '4', 'อื่นๆ', 'อื่นๆ', 'อื่นๆ', 'อื่นๆ', 'อื่นๆ', 'อื่นๆ', 6),
(7, '0', '', '', '', '', '', '', '', '', '', '', '', '', '', '', '', '', '', 7),
(8, '1', 'ครอบครัว', 'รถส่วนตัว', '2 - 3 วัน', 'โรงแรม', '3,000 – 5,000 บาท', '4', '5', '5', '4', '5', '5', 'พื้นราบสำหรับรถเข็น', '', 'พื้นราบสำหรับรถเข็น', '', '', '', 8),
(9, '1', 'ครอบครัว', 'รถส่วนตัว', '4 – 5 วัน', 'รีสอร์ท', '1,000 - 3,000 บาท', '3', '3', '3', '3', '3', '3', 'ที่นั่งพัก', 'ที่นั่งพัก', 'ที่นั่งพัก', 'ที่นั่งพัก', 'ที่นั่งพัก', 'ที่นั่งพัก', 9),
(10, '1', 'ครอบครัว', 'รถส่วนตัว', '4 – 5 วัน', 'บ้านตนเอง', '3,000 – 5,000 บาท', '4', '4', '2', '2', '2', '2', 'ที่นั่งพัก', 'ที่นั่งพัก', 'สุขาผู้สูงอายุ/ผู้พิการ', 'สุขาผู้สูงอายุ/ผู้พิการ', 'ที่นั่งพัก', 'สุขาผู้สูงอายุ/ผู้พิการ', 10),
(11, '1', 'กลุ่มผู้สูงอายุ', 'รถบัส', '2 - 3 วัน', 'รีสอร์ท', '3,000 – 5,000 บาท', '4', '5', '4', '4', '4', '4', 'ที่นั่งพัก', 'ที่นั่งพัก', 'ที่นั่งพัก', 'ที่นั่งพัก', 'ที่นั่งพัก', 'ที่นั่งพัก', 11),
(12, '0', '', '', '', '', '', '', '', '', '', '', '', '', '', '', '', '', '', 12),
(13, '1', 'ครอบครัว', 'รถส่วนตัว', '4 – 5 วัน', 'รีสอร์ท', 'มากกว่า 5,000 บาท', '5', '5', '4', '5', '3', '4', 'ที่จอดรถผู้สูงอายุ', 'พื้นราบสำหรับรถเข็น', 'ที่นั่งพัก', 'ที่จอดรถผู้สูงอายุ', 'สุขาผู้สูงอายุ/ผู้พิการ', 'ที่จอดรถผู้สูงอายุ', 13),
(14, '1', 'ครอบครัว', 'รถส่วนตัว', '2 - 3 วัน', 'บ้านญาติ', '1,000 - 3,000 บาท', '3', '3', '3', '3', '3', '3', 'ที่จอดรถผู้สูงอายุ', 'ที่จอดรถผู้สูงอายุ', 'ที่จอดรถผู้สูงอายุ', 'ที่จอดรถผู้สูงอายุ', 'ที่จอดรถผู้สูงอายุ', 'ที่จอดรถผู้สูงอายุ', 14),
(15, '0', '', '', '', '', '', '', '', '', '', '', '', '', '', '', '', '', '', 15),
(16, '1', 'ครอบครัว', 'รถส่วนตัว', '1 วัน', 'บ้านญาติ', '1,000 - 3,000 บาท', '3', '4', '3', '3', '4', '4', 'ที่นั่งพัก', 'ที่นั่งพัก', 'ที่นั่งพัก', 'ที่นั่งพัก', 'ที่นั่งพัก', 'ที่นั่งพัก', 16),
(17, '1', 'ครอบครัว', 'รถส่วนตัว', '2 - 3 วัน', 'บ้านตนเอง', 'มากกว่า 5,000 บาท', '4', '5', '5', '3', '4', '4', 'ที่นั่งพัก', 'ที่นั่งพัก', 'ที่นั่งพัก, สุขาผู้สูงอายุ/ผู้พิการ', 'ที่นั่งพัก', 'ที่นั่งพัก', 'ที่นั่งพัก', 17),
(18, '0', '', '', '', '', '', '', '', '', '', '', '', '', '', '', '', '', '', 18),
(19, '1', 'แพคเกจท่องเที่ยว', 'รถตู้', '4 – 5 วัน', 'รีสอร์ท', '1,000 - 3,000 บาท', '5', '5', '4', '4', '5', '5', 'ที่นั่งพัก', 'ที่นั่งพัก', 'ที่นั่งพัก', 'ที่นั่งพัก', 'ที่นั่งพัก', 'ที่นั่งพัก', 19),
(20, '1', 'ครอบครัว', 'รถส่วนตัว', '2 - 3 วัน', 'โรงแรม', '1,000 - 3,000 บาท', '5', '5', '5', '5', '5', '5', 'พื้นราบสำหรับรถเข็น', 'พื้นราบสำหรับรถเข็น', 'พื้นราบสำหรับรถเข็น', 'พื้นราบสำหรับรถเข็น', 'พื้นราบสำหรับรถเข็น', 'พื้นราบสำหรับรถเข็น', 20),
(21, '1', 'ครอบครัว', 'รถประจำทาง', '4 – 5 วัน', 'บ้านญาติ', '1,000 - 3,000 บาท', '3', '5', '3', '3', '3', '3', 'ที่นั่งพัก', 'ที่นั่งพัก', 'ที่นั่งพัก', 'ที่นั่งพัก', 'ที่นั่งพัก', 'ที่นั่งพัก', 21),
(22, '1', 'ครอบครัว', 'รถส่วนตัว', '2 - 3 วัน', 'โรงแรม', '3,000 – 5,000 บาท', '3', '5', '4', '3', '3', '3', 'อื่นๆ', 'อื่นๆ', 'อื่นๆ', 'อื่นๆ', 'อื่นๆ', 'อื่นๆ', 22),
(23, '1', 'ครอบครัว', 'รถส่วนตัว', '2 - 3 วัน', 'โรงแรม', 'มากกว่า 5,000 บาท', '5', '5', '5', '5', '5', '5', 'ที่นั่งพัก', 'ที่นั่งพัก', 'ที่นั่งพัก', 'ที่นั่งพัก', 'ที่นั่งพัก', 'ที่นั่งพัก', 23),
(24, '1', 'ครอบครัว', 'รถส่วนตัว', '2 - 3 วัน', 'โรงแรม', 'มากกว่า 5,000 บาท', '3', '4', '3', '3', '5', '3', 'ที่จอดรถผู้สูงอายุ', 'ที่จอดรถผู้สูงอายุ', 'ที่นั่งพัก', 'พื้นราบสำหรับรถเข็น', 'พื้นราบสำหรับรถเข็น', 'ที่จอดรถผู้สูงอายุ', 24),
(25, '1', 'ครอบครัว', 'รถบัส', '2 - 3 วัน', 'โรงแรม', '3,000 – 5,000 บาท', '3', '3', '4', '4', '3', '4', 'ที่จอดรถผู้สูงอายุ, สุขาผู้สูงอายุ/ผู้พิการ', 'ที่จอดรถผู้สูงอายุ, ที่นั่งพัก, สุขาผู้สูงอายุ/ผู้พิการ', 'ที่จอดรถผู้สูงอายุ, ที่นั่งพัก, สุขาผู้สูงอายุ/ผู้พิการ', 'ที่จอดรถผู้สูงอายุ, ที่นั่งพัก, สุขาผู้สูงอายุ/ผู้พิการ', 'ที่จอดรถผู้สูงอายุ, ที่นั่งพัก, สุขาผู้สูงอายุ/ผู้พิการ', 'ที่จอดรถผู้สูงอายุ, ที่นั่งพัก, สุขาผู้สูงอายุ/ผู้พิการ', 25),
(26, '0', '', '', '', '', '', '', '', '', '', '', '', '', '', '', '', '', '', 26),
(27, '1', 'ครอบครัว', 'รถส่วนตัว', '2 - 3 วัน', 'รีสอร์ท', '3,000 – 5,000 บาท', '5', '5', '5', '5', '5', '5', 'พื้นราบสำหรับรถเข็น', 'ที่จอดรถผู้สูงอายุ', 'พื้นราบสำหรับรถเข็น', 'พื้นราบสำหรับรถเข็น', 'พื้นราบสำหรับรถเข็น', 'พื้นราบสำหรับรถเข็น', 27),
(28, '1', 'ครอบครัว', 'รถส่วนตัว', '2 - 3 วัน', 'รีสอร์ท', '3,000 – 5,000 บาท', '5', '5', '5', '5', '5', '5', 'พื้นราบสำหรับรถเข็น', 'พื้นราบสำหรับรถเข็น', 'พื้นราบสำหรับรถเข็น', 'พื้นราบสำหรับรถเข็น', 'พื้นราบสำหรับรถเข็น', 'พื้นราบสำหรับรถเข็น', 28),
(29, '0', '', '', '', '', '', '', '', '', '', '', '', '', '', '', '', '', '', 29),
(30, '0', '', '', '', '', '', '', '', '', '', '', '', '', '', '', '', '', '', 30),
(31, '1', 'ครอบครัว', 'รถส่วนตัว', '2 - 3 วัน', 'โรงแรม', 'มากกว่า 5,000 บาท', '4', '4', '4', '4', '4', '4', 'สุขาผู้สูงอายุ/ผู้พิการ', 'สุขาผู้สูงอายุ/ผู้พิการ', 'สุขาผู้สูงอายุ/ผู้พิการ', 'สุขาผู้สูงอายุ/ผู้พิการ', 'สุขาผู้สูงอายุ/ผู้พิการ', 'สุขาผู้สูงอายุ/ผู้พิการ', 31),
(32, '0', '', '', '', '', '', '', '', '', '', '', '', '', '', '', '', '', '', 32),
(33, '0', '', '', '', '', '', '', '', '', '', '', '', '', '', '', '', '', '', 33),
(34, '0', '', '', '', '', '', '', '', '', '', '', '', '', '', '', '', '', '', 34),
(35, '0', '', '', '', '', '', '', '', '', '', '', '', '', '', '', '', '', '', 35),
(36, '1', 'ครอบครัว', 'รถตู้', '2 - 3 วัน', 'รีสอร์ท', '3,000 – 5,000 บาท', '5', '5', '4', '4', '5', '4', 'ที่จอดรถผู้สูงอายุ', 'พื้นราบสำหรับรถเข็น', 'ที่จอดรถผู้สูงอายุ', 'ที่นั่งพัก', 'ที่จอดรถผู้สูงอายุ', '', 36),
(37, '1', 'ครอบครัว', 'รถส่วนตัว', '2 - 3 วัน', 'บ้านญาติ', '3,000 – 5,000 บาท', '3', '4', '2', '2', '4', '3', 'ที่นั่งพัก', 'ที่จอดรถผู้สูงอายุ', 'ที่จอดรถผู้สูงอายุ', 'อื่นๆ', 'ที่นั่งพัก', 'ที่นั่งพัก', 37),
(38, '1', 'ครอบครัว', 'รถส่วนตัว', '4 – 5 วัน', 'บ้านญาติ', 'มากกว่า 5,000 บาท', '2', '2', '1', '1', '4', '5', 'พื้นราบสำหรับรถเข็น, ที่จอดรถผู้สูงอายุ, ที่นั่งพัก, สุขาผู้สูงอายุ/ผู้พิการ', 'พื้นราบสำหรับรถเข็น, ที่จอดรถผู้สูงอายุ, ที่นั่งพัก, สุขาผู้สูงอายุ/ผู้พิการ', 'พื้นราบสำหรับรถเข็น, ที่จอดรถผู้สูงอายุ, ที่นั่งพัก, สุขาผู้สูงอายุ/ผู้พิการ', 'พื้นราบสำหรับรถเข็น, ที่จอดรถผู้สูงอายุ, ที่นั่งพัก, สุขาผู้สูงอายุ/ผู้พิการ', 'พื้นราบสำหรับรถเข็น, ที่จอดรถผู้สูงอายุ, ที่นั่งพัก, สุขาผู้สูงอายุ/ผู้พิการ', 'พื้นราบสำหรับรถเข็น, ที่จอดรถผู้สูงอายุ, ที่นั่งพัก, สุขาผู้สูงอายุ/ผู้พิการ', 38),
(39, '1', 'ครอบครัว', 'รถส่วนตัว', '4 – 5 วัน', 'โรงแรม', 'มากกว่า 5,000 บาท', '3', '1', '3', '3', '3', '3', 'พื้นราบสำหรับรถเข็น, ที่จอดรถผู้สูงอายุ, ที่นั่งพัก, สุขาผู้สูงอายุ/ผู้พิการ', 'พื้นราบสำหรับรถเข็น, ที่จอดรถผู้สูงอายุ, ที่นั่งพัก, สุขาผู้สูงอายุ/ผู้พิการ', 'พื้นราบสำหรับรถเข็น, ที่จอดรถผู้สูงอายุ, ที่นั่งพัก, สุขาผู้สูงอายุ/ผู้พิการ', 'พื้นราบสำหรับรถเข็น, ที่จอดรถผู้สูงอายุ, ที่นั่งพัก, สุขาผู้สูงอายุ/ผู้พิการ', 'พื้นราบสำหรับรถเข็น, ที่จอดรถผู้สูงอายุ, ที่นั่งพัก, สุขาผู้สูงอายุ/ผู้พิการ', 'พื้นราบสำหรับรถเข็น, ที่จอดรถผู้สูงอายุ, ที่นั่งพัก, สุขาผู้สูงอายุ/ผู้พิการ', 39),
(40, '1', 'ครอบครัว', 'รถส่วนตัว', '2 - 3 วัน', 'โรงแรม', 'มากกว่า 5,000 บาท', '5', '5', '5', '4', '4', '4', 'สุขาผู้สูงอายุ/ผู้พิการ', 'พื้นราบสำหรับรถเข็น', 'ที่นั่งพัก', 'ที่นั่งพัก', 'ที่นั่งพัก', 'พื้นราบสำหรับรถเข็น', 40),
(41, '0', '', '', '', '', '', '', '', '', '', '', '', '', '', '', '', '', '', 41),
(42, '1', 'ครอบครัว', 'รถส่วนตัว', '2 - 3 วัน', 'บ้านญาติ', 'มากกว่า 5,000 บาท', '5', '5', '4', '2', '3', '4', 'พื้นราบสำหรับรถเข็น, ที่นั่งพัก, สุขาผู้สูงอายุ/ผู้พิการ', 'พื้นราบสำหรับรถเข็น, ที่นั่งพัก', 'พื้นราบสำหรับรถเข็น, ที่นั่งพัก', 'ที่นั่งพัก, อื่นๆ', 'ที่นั่งพัก, อื่นๆ', 'พื้นราบสำหรับรถเข็น, ที่นั่งพัก', 42),
(43, '1', 'ครอบครัว', 'รถส่วนตัว', '2 - 3 วัน', 'โรงแรม', 'มากกว่า 5,000 บาท', '5', '5', '5', '4', '4', '4', 'สุขาผู้สูงอายุ/ผู้พิการ', 'พื้นราบสำหรับรถเข็น', 'ที่นั่งพัก', 'ที่นั่งพัก', 'ที่นั่งพัก', 'พื้นราบสำหรับรถเข็น', 43),
(44, '1', 'ครอบครัว', 'รถส่วนตัว', '2 - 3 วัน', 'โรงแรม', 'มากกว่า 5,000 บาท', '5', '5', '5', '4', '4', '4', 'สุขาผู้สูงอายุ/ผู้พิการ', 'พื้นราบสำหรับรถเข็น', 'ที่นั่งพัก', 'ที่นั่งพัก', 'ที่นั่งพัก', 'พื้นราบสำหรับรถเข็น', 44),
(45, '1', 'ครอบครัว', 'รถส่วนตัว', '2 - 3 วัน', 'โรงแรม', 'มากกว่า 5,000 บาท', '5', '5', '5', '4', '4', '4', 'สุขาผู้สูงอายุ/ผู้พิการ', 'พื้นราบสำหรับรถเข็น', 'ที่นั่งพัก', 'ที่นั่งพัก', 'ที่นั่งพัก', 'พื้นราบสำหรับรถเข็น', 45),
(46, '1', 'ครอบครัว', 'รถส่วนตัว', '2 - 3 วัน', 'โรงแรม', 'มากกว่า 5,000 บาท', '5', '5', '5', '4', '4', '4', 'สุขาผู้สูงอายุ/ผู้พิการ', 'พื้นราบสำหรับรถเข็น', 'ที่นั่งพัก', 'ที่นั่งพัก', 'ที่นั่งพัก', 'พื้นราบสำหรับรถเข็น', 46),
(47, '0', '', '', '', '', '', '', '', '', '', '', '', '', '', '', '', '', '', 47),
(48, '0', '', '', '', '', '', '', '', '', '', '', '', '', '', '', '', '', '', 48),
(49, '0', '', '', '', '', '', '', '', '', '', '', '', '', '', '', '', '', '', 49),
(50, '0', '', '', '', '', '', '', '', '', '', '', '', '', '', '', '', '', '', 50),
(51, '1', 'ครอบครัว', 'รถส่วนตัว', '4 – 5 วัน', 'รีสอร์ท', 'มากกว่า 5,000 บาท', '3', '3', '3', '4', '4', '4', 'ที่นั่งพัก', 'ที่นั่งพัก', 'ที่นั่งพัก', 'ที่นั่งพัก', 'ที่นั่งพัก', 'ที่นั่งพัก', 51),
(52, '1', 'ครอบครัว', 'รถส่วนตัว', '2 - 3 วัน', 'โรงแรม', '1,000 - 3,000 บาท', '4', '4', '4', '5', '4', '4', 'พื้นราบสำหรับรถเข็น, ที่จอดรถผู้สูงอายุ, ที่นั่งพัก', 'พื้นราบสำหรับรถเข็น, ที่นั่งพัก', 'พื้นราบสำหรับรถเข็น, ที่นั่งพัก', 'พื้นราบสำหรับรถเข็น, ที่นั่งพัก', 'พื้นราบสำหรับรถเข็น, ที่จอดรถผู้สูงอายุ, ที่นั่งพัก', 'พื้นราบสำหรับรถเข็น, ที่นั่งพัก', 52),
(53, '0', '', '', '', '', '', '', '', '', '', '', '', '', '', '', '', '', '', 53),
(54, '0', '', '', '', '', '', '', '', '', '', '', '', '', '', '', '', '', '', 54),
(55, '1', 'ครอบครัว', 'รถส่วนตัว', '2 - 3 วัน', 'รีสอร์ท', 'มากกว่า 5,000 บาท', '5', '5', '5', '5', '5', '5', 'พื้นราบสำหรับรถเข็น', 'พื้นราบสำหรับรถเข็น', 'พื้นราบสำหรับรถเข็น', 'พื้นราบสำหรับรถเข็น', 'พื้นราบสำหรับรถเข็น', 'พื้นราบสำหรับรถเข็น', 55),
(56, '0', '', '', '', '', '', '', '', '', '', '', '', '', '', '', '', '', '', 56),
(57, '1', 'เพื่อน', 'รถส่วนตัว', '2 - 3 วัน', 'โรงแรม', 'มากกว่า 5,000 บาท', '4', '5', '4', '4', '5', '5', 'สุขาผู้สูงอายุ/ผู้พิการ', 'ที่จอดรถผู้สูงอายุ', 'ที่จอดรถผู้สูงอายุ', 'ที่นั่งพัก', 'สุขาผู้สูงอายุ/ผู้พิการ', 'ที่จอดรถผู้สูงอายุ', 57),
(58, '0', '', '', '', '', '', '', '', '', '', '', '', '', '', '', '', '', '', 58),
(59, '1', 'แพคเกจท่องเที่ยว', 'รถประจำทาง', '2 - 3 วัน', 'โรงแรม', 'มากกว่า 5,000 บาท', '3', '4', '4', '4', '4', '5', 'สุขาผู้สูงอายุ/ผู้พิการ', 'สุขาผู้สูงอายุ/ผู้พิการ', 'สุขาผู้สูงอายุ/ผู้พิการ', 'สุขาผู้สูงอายุ/ผู้พิการ', 'สุขาผู้สูงอายุ/ผู้พิการ', 'สุขาผู้สูงอายุ/ผู้พิการ', 59),
(60, '1', 'ครอบครัว', 'รถส่วนตัว', '2 - 3 วัน', 'โรงแรม', '3,000 – 5,000 บาท', '2', '4', '3', '1', '3', '4', 'อื่นๆ', 'ที่นั่งพัก', 'ที่นั่งพัก', 'อื่นๆ', 'อื่นๆ', 'อื่นๆ', 60),
(61, '1', 'ครอบครัว', 'รถส่วนตัว', '2 - 3 วัน', 'รีสอร์ท', 'มากกว่า 5,000 บาท', '5', '5', '3', '4', '4', '4', '', '', '', '', '', '', 61),
(62, '1', 'ครอบครัว', 'รถส่วนตัว', '2 - 3 วัน', 'รีสอร์ท', 'มากกว่า 5,000 บาท', '5', '5', '4', '5', '5', '5', 'พื้นราบสำหรับรถเข็น', 'พื้นราบสำหรับรถเข็น', 'พื้นราบสำหรับรถเข็น', 'พื้นราบสำหรับรถเข็น', 'พื้นราบสำหรับรถเข็น', 'พื้นราบสำหรับรถเข็น', 62),
(63, '1', 'ครอบครัว', 'รถส่วนตัว', '2 - 3 วัน', 'รีสอร์ท', '3,000 – 5,000 บาท', '5', '5', '4', '5', '5', '5', '', '', '', '', '', '', 63),
(64, '1', 'ครอบครัว', 'รถส่วนตัว', '2 - 3 วัน', 'โรงแรม', 'มากกว่า 5,000 บาท', '5', '5', '4', '5', '4', '4', 'ที่นั่งพัก', 'ที่นั่งพัก', 'ที่นั่งพัก', 'ที่นั่งพัก', 'ที่นั่งพัก', 'ที่นั่งพัก', 64),
(65, '1', 'กลุ่มคนในชุมชน', 'รถบัส', '2 - 3 วัน', 'โรงแรม', '1,000 - 3,000 บาท', '4', '5', '4', '3', '4', '5', 'สุขาผู้สูงอายุ/ผู้พิการ', 'ที่นั่งพัก', 'สุขาผู้สูงอายุ/ผู้พิการ', 'สุขาผู้สูงอายุ/ผู้พิการ', 'สุขาผู้สูงอายุ/ผู้พิการ', 'ที่นั่งพัก', 65),
(66, '1', 'กลุ่มผู้สูงอายุ', 'รถบัส', '2 - 3 วัน', 'โรงแรม', '1,000 - 3,000 บาท', '4', '4', '4', '3', '4', '4', 'สุขาผู้สูงอายุ/ผู้พิการ', 'ที่นั่งพัก', 'ที่นั่งพัก', 'ที่นั่งพัก', 'สุขาผู้สูงอายุ/ผู้พิการ', 'ที่นั่งพัก', 66),
(67, '0', '', '', '', '', '', '', '', '', '', '', '', '', '', '', '', '', '', 67),
(68, '0', '', '', '', '', '', '', '', '', '', '', '', '', '', '', '', '', '', 68),
(69, '1', 'ครอบครัว', 'รถส่วนตัว', '2 - 3 วัน', 'บ้านญาติ', 'มากกว่า 5,000 บาท', '5', '5', '5', '5', '5', '5', 'พื้นราบสำหรับรถเข็น, ที่นั่งพัก', 'ที่นั่งพัก', 'พื้นราบสำหรับรถเข็น, ที่นั่งพัก', 'พื้นราบสำหรับรถเข็น, ที่นั่งพัก', 'ที่นั่งพัก', 'ที่นั่งพัก', 69),
(70, '0', '', '', '', '', '', '', '', '', '', '', '', '', '', '', '', '', '', 70),
(71, '0', '', '', '', '', '', '', '', '', '', '', '', '', '', '', '', '', '', 71),
(72, '1', 'ครอบครัว', 'รถส่วนตัว', '2 - 3 วัน', 'บ้านญาติ', 'มากกว่า 5,000 บาท', '5', '5', '5', '5', '5', '5', 'พื้นราบสำหรับรถเข็น, ที่นั่งพัก', 'พื้นราบสำหรับรถเข็น, ที่นั่งพัก', 'พื้นราบสำหรับรถเข็น, ที่นั่งพัก', 'พื้นราบสำหรับรถเข็น, ที่นั่งพัก', 'พื้นราบสำหรับรถเข็น, ที่นั่งพัก', 'พื้นราบสำหรับรถเข็น, ที่นั่งพัก', 72),
(73, '1', 'ครอบครัว', 'รถส่วนตัว', '2 - 3 วัน', 'รีสอร์ท', '1,000 - 3,000 บาท', '4', '4', '4', '5', '4', '4', 'ที่จอดรถผู้สูงอายุ', 'ที่นั่งพัก', 'พื้นราบสำหรับรถเข็น, ที่นั่งพัก', 'ที่นั่งพัก', 'ที่นั่งพัก', 'ที่จอดรถผู้สูงอายุ', 73),
(74, '1', 'ครอบครัว', 'รถตู้', '1 วัน', 'โรงแรม', '1,000 - 3,000 บาท', '5', '4', '4', '4', '5', '4', 'ที่จอดรถผู้สูงอายุ', 'พื้นราบสำหรับรถเข็น', 'ที่จอดรถผู้สูงอายุ', 'พื้นราบสำหรับรถเข็น', 'ที่จอดรถผู้สูงอายุ', 'พื้นราบสำหรับรถเข็น', 74),
(75, '1', 'ครอบครัว', 'รถประจำทาง', '2 - 3 วัน', 'บ้านญาติ', '1,000 - 3,000 บาท', '5', '5', '', '', '', '', 'อื่นๆ', 'อื่นๆ', '', '', '', '', 75),
(76, '1', 'ครอบครัว', 'รถส่วนตัว', '2 - 3 วัน', 'โรงแรม', 'มากกว่า 5,000 บาท', '4', '5', '5', '5', '5', '4', 'ที่จอดรถผู้สูงอายุ', 'พื้นราบสำหรับรถเข็น', 'พื้นราบสำหรับรถเข็น', 'พื้นราบสำหรับรถเข็น, ที่จอดรถผู้สูงอายุ', 'ที่จอดรถผู้สูงอายุ', 'พื้นราบสำหรับรถเข็น', 76),
(77, '1', 'ครอบครัว', 'รถส่วนตัว', '2 - 3 วัน', 'รีสอร์ท', '3,000 – 5,000 บาท', '5', '5', '5', '5', '5', '5', 'พื้นราบสำหรับรถเข็น', 'พื้นราบสำหรับรถเข็น', 'ที่จอดรถผู้สูงอายุ', 'พื้นราบสำหรับรถเข็น', 'พื้นราบสำหรับรถเข็น', 'พื้นราบสำหรับรถเข็น', 77),
(78, '0', '', '', '', '', '', '', '', '', '', '', '', '', '', '', '', '', '', 78),
(79, '0', '', '', '', '', '', '', '', '', '', '', '', '', '', '', '', '', '', 79),
(80, '0', '', '', '', '', '', '', '', '', '', '', '', '', '', '', '', '', '', 80),
(81, '1', 'ครอบครัว', 'รถส่วนตัว', '4 – 5 วัน', 'โรงแรม', 'มากกว่า 5,000 บาท', '3', '4', '4', '3', '3', '5', 'ที่จอดรถผู้สูงอายุ', 'ที่นั่งพัก', 'พื้นราบสำหรับรถเข็น', 'ที่จอดรถผู้สูงอายุ', 'ที่จอดรถผู้สูงอายุ', 'พื้นราบสำหรับรถเข็น', 81),
(82, '0', '', '', '', '', '', '', '', '', '', '', '', '', '', '', '', '', '', 82),
(83, '1', 'ครอบครัว', 'รถส่วนตัว', '4 – 5 วัน', 'รีสอร์ท', 'มากกว่า 5,000 บาท', '5', '5', '4', '4', '4', '5', 'ที่นั่งพัก', 'ที่นั่งพัก', 'ที่นั่งพัก', 'ที่นั่งพัก', 'ที่นั่งพัก', 'ที่นั่งพัก', 83),
(84, '0', '', '', '', '', '', '', '', '', '', '', '', '', '', '', '', '', '', 84),
(85, '0', '', '', '', '', '', '', '', '', '', '', '', '', '', '', '', '', '', 85),
(86, '0', '', '', '', '', '', '', '', '', '', '', '', '', '', '', '', '', '', 86),
(87, '1', 'ครอบครัว', 'รถส่วนตัว', '2 - 3 วัน', 'โรงแรม', 'มากกว่า 5,000 บาท', '4', '4', '4', '4', '4', '4', 'พื้นราบสำหรับรถเข็น, ที่นั่งพัก', 'พื้นราบสำหรับรถเข็น, ที่นั่งพัก, สุขาผู้สูงอายุ/ผู้พิการ', 'พื้นราบสำหรับรถเข็น, ที่จอดรถผู้สูงอายุ, ที่นั่งพัก, สุขาผู้สูงอายุ/ผู้พิการ', 'ที่นั่งพัก', 'ที่นั่งพัก', 'ที่นั่งพัก', 87),
(88, '1', 'ครอบครัว', 'รถส่วนตัว', '4 – 5 วัน', 'รีสอร์ท', 'มากกว่า 5,000 บาท', '5', '5', '3', '3', '4', '3', 'ที่นั่งพัก', 'อื่นๆ', 'ที่จอดรถผู้สูงอายุ', 'ที่นั่งพัก', 'ที่นั่งพัก', 'ที่นั่งพัก', 88),
(89, '1', 'ครอบครัว', 'รถส่วนตัว', '2 - 3 วัน', 'รีสอร์ท', 'มากกว่า 5,000 บาท', '5', '3', '4', '5', '5', '5', 'พื้นราบสำหรับรถเข็น', 'พื้นราบสำหรับรถเข็น', 'สุขาผู้สูงอายุ/ผู้พิการ', 'ที่นั่งพัก', 'พื้นราบสำหรับรถเข็น', 'พื้นราบสำหรับรถเข็น', 89),
(90, '1', 'ครอบครัว', 'รถส่วนตัว', '4 – 5 วัน', 'โรงแรม', 'มากกว่า 5,000 บาท', '3', '4', '5', '5', '5', '3', '', 'ที่นั่งพัก', 'พื้นราบสำหรับรถเข็น, ที่นั่งพัก, สุขาผู้สูงอายุ/ผู้พิการ', 'ที่นั่งพัก', 'ที่นั่งพัก', 'ที่นั่งพัก', 90),
(91, '0', '', '', '', '', '', '', '', '', '', '', '', '', '', '', '', '', '', 91),
(92, '1', 'ครอบครัว', 'รถตู้', '4 – 5 วัน', 'โรงแรม', 'มากกว่า 5,000 บาท', '3', '3', '3', '3', '4', '4', 'พื้นราบสำหรับรถเข็น, ที่จอดรถผู้สูงอายุ, ที่นั่งพัก', 'พื้นราบสำหรับรถเข็น, ที่นั่งพัก', 'พื้นราบสำหรับรถเข็น, ที่จอดรถผู้สูงอายุ, ที่นั่งพัก', 'ที่จอดรถผู้สูงอายุ, ที่นั่งพัก, สุขาผู้สูงอายุ/ผู้พิการ', 'พื้นราบสำหรับรถเข็น, ที่จอดรถผู้สูงอายุ, ที่นั่งพัก', 'พื้นราบสำหรับรถเข็น, ที่นั่งพัก', 92),
(93, '1', 'ครอบครัว', 'รถส่วนตัว', '2 - 3 วัน', 'โรงแรม', 'มากกว่า 5,000 บาท', '3', '5', '3', '3', '4', '5', 'ที่นั่งพัก, สุขาผู้สูงอายุ/ผู้พิการ', 'สุขาผู้สูงอายุ/ผู้พิการ', 'ที่นั่งพัก, อื่นๆ', 'สุขาผู้สูงอายุ/ผู้พิการ', 'สุขาผู้สูงอายุ/ผู้พิการ', 'ที่นั่งพัก', 93),
(94, '0', '', '', '', '', '', '', '', '', '', '', '', '', '', '', '', '', '', 94),
(95, '0', '', '', '', '', '', '', '', '', '', '', '', '', '', '', '', '', '', 95),
(96, '1', 'ครอบครัว', 'รถส่วนตัว', '2 - 3 วัน', 'รีสอร์ท', '3,000 – 5,000 บาท', '5', '5', '5', '5', '5', '5', 'ที่จอดรถผู้สูงอายุ', 'ที่จอดรถผู้สูงอายุ', 'พื้นราบสำหรับรถเข็น', 'พื้นราบสำหรับรถเข็น', 'ที่จอดรถผู้สูงอายุ', 'ที่จอดรถผู้สูงอายุ', 96),
(97, '0', '', '', '', '', '', '', '', '', '', '', '', '', '', '', '', '', '', 97),
(98, '1', 'ครอบครัว', 'รถส่วนตัว', '2 - 3 วัน', 'โรงแรม', 'มากกว่า 5,000 บาท', '5', '4', '4', '3', '4', '4', 'ที่นั่งพัก', 'ที่นั่งพัก', 'ที่นั่งพัก', 'ที่นั่งพัก', 'ที่นั่งพัก', 'ที่นั่งพัก', 98),
(99, '0', '', '', '', '', '', '', '', '', '', '', '', '', '', '', '', '', '', 99),
(100, '1', 'ครอบครัว', 'รถส่วนตัว', '4 – 5 วัน', 'บ้านญาติ', 'มากกว่า 5,000 บาท', '5', '5', '5', '5', '5', '5', 'พื้นราบสำหรับรถเข็น, ที่นั่งพัก', 'ที่จอดรถผู้สูงอายุ, ที่นั่งพัก', 'ที่นั่งพัก', 'ที่จอดรถผู้สูงอายุ, ที่นั่งพัก', 'พื้นราบสำหรับรถเข็น, ที่นั่งพัก', 'ที่จอดรถผู้สูงอายุ, ที่นั่งพัก', 100),
(101, '1', 'ครอบครัว', 'รถส่วนตัว', '4 – 5 วัน', 'บ้านตนเอง', 'มากกว่า 5,000 บาท', '5', '5', '5', '1', '4', '5', 'พื้นราบสำหรับรถเข็น', 'พื้นราบสำหรับรถเข็น', 'ที่นั่งพัก', 'ที่จอดรถผู้สูงอายุ', 'สุขาผู้สูงอายุ/ผู้พิการ', 'สุขาผู้สูงอายุ/ผู้พิการ', 101),
(102, '0', '', '', '', '', '', '', '', '', '', '', '', '', '', '', '', '', '', 102),
(103, '0', '', '', '', '', '', '', '', '', '', '', '', '', '', '', '', '', '', 103),
(104, '1', 'ครอบครัว', 'รถส่วนตัว', '2 - 3 วัน', 'รีสอร์ท', '3,000 – 5,000 บาท', '3', '3', '4', '2', '3', '2', 'ที่นั่งพัก', 'พื้นราบสำหรับรถเข็น', 'ที่นั่งพัก', '', 'ที่นั่งพัก', 'พื้นราบสำหรับรถเข็น', 104),
(105, '0', '', '', '', '', '', '', '', '', '', '', '', '', '', '', '', '', '', 105),
(106, '0', '', '', '', '', '', '', '', '', '', '', '', '', '', '', '', '', '', 106),
(107, '0', '', '', '', '', '', '', '', '', '', '', '', '', '', '', '', '', '', 107),
(108, '0', '', '', '', '', '', '', '', '', '', '', '', '', '', '', '', '', '', 108),
(109, '1', 'ครอบครัว', 'รถส่วนตัว', '2 - 3 วัน', 'โรงแรม', 'มากกว่า 5,000 บาท', '5', '4', '5', '5', '5', '4', 'ที่จอดรถผู้สูงอายุ', 'ที่จอดรถผู้สูงอายุ', 'พื้นราบสำหรับรถเข็น', 'ที่นั่งพัก', 'ที่จอดรถผู้สูงอายุ', 'พื้นราบสำหรับรถเข็น', 109),
(110, '0', '', '', '', '', '', '', '', '', '', '', '', '', '', '', '', '', '', 110),
(111, '1', 'ครอบครัว', 'รถส่วนตัว', '2 - 3 วัน', 'โรงแรม', 'มากกว่า 5,000 บาท', '4', '5', '4', '4', '4', '5', 'พื้นราบสำหรับรถเข็น, ที่จอดรถผู้สูงอายุ, ที่นั่งพัก', 'ที่นั่งพัก', 'พื้นราบสำหรับรถเข็น, ที่นั่งพัก', 'ที่นั่งพัก', 'ที่นั่งพัก', 'ที่นั่งพัก', 111),
(112, '1', 'แพคเกจท่องเที่ยว', 'รถบัส', '2 - 3 วัน', 'โรงแรม', '3,000 – 5,000 บาท', '5', '5', '5', '4', '5', '4', 'ที่นั่งพัก', 'พื้นราบสำหรับรถเข็น, ที่นั่งพัก', 'ที่นั่งพัก', 'ที่นั่งพัก', 'พื้นราบสำหรับรถเข็น', 'พื้นราบสำหรับรถเข็น', 112),
(113, '0', '', '', '', '', '', '', '', '', '', '', '', '', '', '', '', '', '', 113),
(114, '0', '', '', '', '', '', '', '', '', '', '', '', '', '', '', '', '', '', 114),
(115, '1', 'ครอบครัว', 'รถส่วนตัว', '2 - 3 วัน', 'บ้านญาติ', 'น้อยกว่า 1,000 บาท', '4', '5', '5', '4', '5', '5', 'พื้นราบสำหรับรถเข็น, อื่นๆ', 'ที่นั่งพัก, อื่นๆ', 'พื้นราบสำหรับรถเข็น, อื่นๆ', 'ที่จอดรถผู้สูงอายุ, ที่นั่งพัก, อื่นๆ', 'พื้นราบสำหรับรถเข็น, ที่นั่งพัก, อื่นๆ', 'ที่นั่งพัก, อื่นๆ', 115),
(116, '1', 'ครอบครัว', 'รถส่วนตัว', '2 - 3 วัน', 'บ้านญาติ', '3,000 – 5,000 บาท', '4', '4', '4', '4', '4', '4', 'พื้นราบสำหรับรถเข็น', 'พื้นราบสำหรับรถเข็น', 'พื้นราบสำหรับรถเข็น', 'พื้นราบสำหรับรถเข็น', 'พื้นราบสำหรับรถเข็น', 'พื้นราบสำหรับรถเข็น', 116),
(117, '1', 'ครู', 'รถบัส', '2 - 3 วัน', 'โรงแรม', '3,000 – 5,000 บาท', '3', '3', '3', '4', '4', '4', 'ที่นั่งพัก', 'ที่นั่งพัก', 'ที่นั่งพัก', 'ที่นั่งพัก', 'ที่จอดรถผู้สูงอายุ', 'ที่จอดรถผู้สูงอายุ', 117),
(118, '0', '', '', '', '', '', '', '', '', '', '', '', '', '', '', '', '', '', 118),
(119, '1', 'ครอบครัว', 'รถส่วนตัว', '2 - 3 วัน', 'โรงแรม', 'มากกว่า 5,000 บาท', '5', '5', '5', '5', '5', '5', 'ที่นั่งพัก', 'ที่นั่งพัก', 'อื่นๆ', 'อื่นๆ', 'อื่นๆ', 'อื่นๆ', 119),
(120, '1', 'ครอบครัว', 'รถส่วนตัว', '2 - 3 วัน', 'โรงแรม', '3,000 – 5,000 บาท', '4', '4', '2', '3', '5', '5', 'พื้นราบสำหรับรถเข็น', 'พื้นราบสำหรับรถเข็น', 'พื้นราบสำหรับรถเข็น', 'พื้นราบสำหรับรถเข็น', 'พื้นราบสำหรับรถเข็น', 'พื้นราบสำหรับรถเข็น', 120),
(121, '1', 'ครอบครัว', 'รถส่วนตัว', '2 - 3 วัน', 'โรงแรม', '3,000 – 5,000 บาท', '4', '4', '2', '3', '5', '5', 'พื้นราบสำหรับรถเข็น', 'พื้นราบสำหรับรถเข็น', 'พื้นราบสำหรับรถเข็น', 'พื้นราบสำหรับรถเข็น', 'พื้นราบสำหรับรถเข็น', 'พื้นราบสำหรับรถเข็น', 121),
(122, '1', 'ครอบครัว', 'รถส่วนตัว', '2 - 3 วัน', 'โรงแรม', '3,000 – 5,000 บาท', '4', '4', '2', '3', '5', '5', 'พื้นราบสำหรับรถเข็น', 'พื้นราบสำหรับรถเข็น', 'พื้นราบสำหรับรถเข็น', 'พื้นราบสำหรับรถเข็น', 'พื้นราบสำหรับรถเข็น', 'พื้นราบสำหรับรถเข็น', 122),
(123, '0', '', '', '', '', '', '', '', '', '', '', '', '', '', '', '', '', '', 123),
(124, '1', 'ครอบครัว', 'รถส่วนตัว', '2 - 3 วัน', 'บ้านญาติ', '1,000 - 3,000 บาท', '3', '2', '', '3', '2', '1', 'ที่นั่งพัก', 'ที่นั่งพัก', 'ที่นั่งพัก', 'ที่นั่งพัก', 'ที่นั่งพัก', 'ที่นั่งพัก', 124),
(125, '1', 'ครอบครัว', 'รถส่วนตัว', '4 – 5 วัน', 'โรงแรม', '3,000 – 5,000 บาท', '5', '5', '5', '5', '5', '5', 'พื้นราบสำหรับรถเข็น', 'พื้นราบสำหรับรถเข็น', 'พื้นราบสำหรับรถเข็น', 'พื้นราบสำหรับรถเข็น', 'พื้นราบสำหรับรถเข็น', 'พื้นราบสำหรับรถเข็น', 125),
(126, '0', '', '', '', '', '', '', '', '', '', '', '', '', '', '', '', '', '', 126),
(127, '0', '', '', '', '', '', '', '', '', '', '', '', '', '', '', '', '', '', 127),
(128, '1', 'ครอบครัว', 'รถส่วนตัว', '4 – 5 วัน', 'โรงแรม', 'มากกว่า 5,000 บาท', '4', '4', '3', '', '', '4', 'ที่นั่งพัก', 'ที่นั่งพัก, สุขาผู้สูงอายุ/ผู้พิการ', 'ที่นั่งพัก', '', '', 'ที่นั่งพัก', 128),
(129, '0', '', '', '', '', '', '', '', '', '', '', '', '', '', '', '', '', '', 129),
(130, '1', 'ครอบครัว', 'รถส่วนตัว', '2 - 3 วัน', 'รีสอร์ท', '3,000 – 5,000 บาท', '4', '4', '4', '4', '4', '4', 'ที่จอดรถผู้สูงอายุ', 'ที่จอดรถผู้สูงอายุ', 'ที่จอดรถผู้สูงอายุ', 'ที่จอดรถผู้สูงอายุ', 'ที่จอดรถผู้สูงอายุ', 'ที่จอดรถผู้สูงอายุ', 130),
(131, '1', 'แพคเกจท่องเที่ยว', 'รถส่วนตัว', '4 – 5 วัน', 'โรงแรม', '1,000 - 3,000 บาท', '3', '3', '3', '3', '3', '3', 'ที่นั่งพัก', 'ที่นั่งพัก', 'ที่นั่งพัก', 'ที่นั่งพัก', 'ที่นั่งพัก', 'ที่นั่งพัก', 131),
(132, '0', '', '', '', '', '', '', '', '', '', '', '', '', '', '', '', '', '', 132),
(133, '1', 'แพคเกจท่องเที่ยว', 'รถส่วนตัว', '4 – 5 วัน', 'โรงแรม', '1,000 - 3,000 บาท', '3', '3', '3', '3', '3', '3', 'ที่นั่งพัก', 'ที่นั่งพัก', 'ที่นั่งพัก', 'ที่นั่งพัก', 'ที่นั่งพัก', 'ที่นั่งพัก', 133),
(134, '0', '', '', '', '', '', '', '', '', '', '', '', '', '', '', '', '', '', 134),
(135, '1', 'ครอบครัว', 'รถส่วนตัว', '4 – 5 วัน', 'รีสอร์ท', 'มากกว่า 5,000 บาท', '5', '5', '5', '5', '5', '5', 'พื้นราบสำหรับรถเข็น, ที่นั่งพัก', 'ที่นั่งพัก', 'พื้นราบสำหรับรถเข็น, ที่นั่งพัก', 'พื้นราบสำหรับรถเข็น, ที่นั่งพัก', 'ที่นั่งพัก', 'ที่นั่งพัก', 135),
(136, '1', 'แพคเกจท่องเที่ยว', 'รถบัส', '2 - 3 วัน', 'รีสอร์ท', 'มากกว่า 5,000 บาท', '5', '5', '5', '5', '5', '5', 'ที่นั่งพัก', 'ที่นั่งพัก', 'ที่นั่งพัก', 'ที่นั่งพัก', 'ที่นั่งพัก', 'ที่นั่งพัก', 136),
(137, '0', '', '', '', '', '', '', '', '', '', '', '', '', '', '', '', '', '', 137),
(138, '0', '', '', '', '', '', '', '', '', '', '', '', '', '', '', '', '', '', 138),
(139, '0', '', '', '', '', '', '', '', '', '', '', '', '', '', '', '', '', '', 139),
(140, '1', 'ครอบครัว', 'รถส่วนตัว', '2 - 3 วัน', 'โรงแรม', 'มากกว่า 5,000 บาท', '4', '4', '4', '5', '5', '5', 'ที่นั่งพัก', 'อื่นๆ', 'ที่นั่งพัก', 'สุขาผู้สูงอายุ/ผู้พิการ', 'ที่นั่งพัก', 'ที่นั่งพัก, สุขาผู้สูงอายุ/ผู้พิการ', 140),
(141, '1', 'ครอบครัว', 'รถส่วนตัว', '4 – 5 วัน', 'โรงแรม', 'มากกว่า 5,000 บาท', '5', '5', '5', '5', '5', '5', 'ที่นั่งพัก', 'ที่นั่งพัก', 'ที่นั่งพัก', 'ที่นั่งพัก', 'ที่นั่งพัก', 'ที่นั่งพัก', 141),
(142, '0', '', '', '', '', '', '', '', '', '', '', '', '', '', '', '', '', '', 142),
(143, '0', '', '', '', '', '', '', '', '', '', '', '', '', '', '', '', '', '', 143),
(144, '0', '', '', '', '', '', '', '', '', '', '', '', '', '', '', '', '', '', 144),
(145, '0', '', '', '', '', '', '', '', '', '', '', '', '', '', '', '', '', '', 145),
(146, '0', '', '', '', '', '', '', '', '', '', '', '', '', '', '', '', '', '', 146),
(147, '0', '', '', '', '', '', '', '', '', '', '', '', '', '', '', '', '', '', 147),
(148, '1', 'ครอบครัว', 'รถส่วนตัว', '2 - 3 วัน', 'โรงแรม', '3,000 – 5,000 บาท', '5', '5', '5', '5', '5', '5', 'พื้นราบสำหรับรถเข็น, ที่นั่งพัก', 'ที่นั่งพัก', 'พื้นราบสำหรับรถเข็น, ที่นั่งพัก', 'พื้นราบสำหรับรถเข็น, ที่นั่งพัก', 'ที่นั่งพัก', 'ที่นั่งพัก', 148),
(149, '0', '', '', '', '', '', '', '', '', '', '', '', '', '', '', '', '', '', 149),
(150, '1', 'ครอบครัว', 'รถตู้', '2 - 3 วัน', 'โรงแรม', '10000', '', '3', '', '', '', '4', '', 'ที่นั่งพัก', '', '', '', 'พื้นราบสำหรับรถเข็น, ที่จอดรถผู้สูงอายุ', 150);

-- --------------------------------------------------------

--
-- Table structure for table `data_chiangrai`
--

CREATE TABLE `data_chiangrai` (
  `id_chiangrai` int(5) NOT NULL,
  `tourism` text COLLATE utf8_unicode_ci NOT NULL,
  `travel_form` text COLLATE utf8_unicode_ci,
  `vehicle` text COLLATE utf8_unicode_ci,
  `travel_time` text COLLATE utf8_unicode_ci,
  `camp` text COLLATE utf8_unicode_ci,
  `charges` text COLLATE utf8_unicode_ci,
  `score_WatRongKhun` varchar(20) COLLATE utf8_unicode_ci DEFAULT NULL,
  `score_DoiTungRoyal` varchar(20) COLLATE utf8_unicode_ci DEFAULT NULL,
  `score_WatPhraKaew` varchar(20) COLLATE utf8_unicode_ci DEFAULT NULL,
  `score_MaesaiMarket` varchar(20) COLLATE utf8_unicode_ci DEFAULT NULL,
  `score_BoonRawdFarm` varchar(20) COLLATE utf8_unicode_ci DEFAULT NULL,
  `score_BlackHouse` varchar(20) COLLATE utf8_unicode_ci DEFAULT NULL,
  `score_GoldenTriangle` varchar(20) COLLATE utf8_unicode_ci DEFAULT NULL,
  `facilities_WatRongKhun` text COLLATE utf8_unicode_ci,
  `facilities_DoiTungRoyal` text COLLATE utf8_unicode_ci,
  `facilities_WatPhraKaew` text COLLATE utf8_unicode_ci,
  `facilities_MaesaiMarket` text COLLATE utf8_unicode_ci,
  `facilities_BoonRawdFarm` text COLLATE utf8_unicode_ci,
  `facilities_BlackHouse` text COLLATE utf8_unicode_ci,
  `facilities_GoldenTriangle` text COLLATE utf8_unicode_ci
) ENGINE=InnoDB DEFAULT CHARSET=utf8 COLLATE=utf8_unicode_ci;

--
-- Dumping data for table `data_chiangrai`
--

INSERT INTO `data_chiangrai` (`id_chiangrai`, `tourism`, `travel_form`, `vehicle`, `travel_time`, `camp`, `charges`, `score_WatRongKhun`, `score_DoiTungRoyal`, `score_WatPhraKaew`, `score_MaesaiMarket`, `score_BoonRawdFarm`, `score_BlackHouse`, `score_GoldenTriangle`, `facilities_WatRongKhun`, `facilities_DoiTungRoyal`, `facilities_WatPhraKaew`, `facilities_MaesaiMarket`, `facilities_BoonRawdFarm`, `facilities_BlackHouse`, `facilities_GoldenTriangle`) VALUES
(1, '0', '', '', '', '', '', '', '', '', '', '', '', '', '', '', '', '', '', '', ''),
(2, '0', '', '', '', '', '', '', '', '', '', '', '', '', '', '', '', '', '', '', ''),
(3, '1', 'แพคเกจท่องเที่ยว', 'รถตู้', '2 - 3 วัน', 'โรงแรม', '1,000 - 3,000 บาท', '5', '5', '4', '5', '3', '3', '5', '', '', '', '', '', '', ''),
(4, '0', '', '', '', '', '', '', '', '', '', '', '', '', '', '', '', '', '', '', ''),
(5, '0', '', '', '', '', '', '', '', '', '', '', '', '', '', '', '', '', '', '', ''),
(6, '1', 'แพคเกจท่องเที่ยว', 'รถบัส', '2 - 3 วัน', 'รีสอร์ท', '3,000 – 5,000 บาท', '5', '4', '4', '4', '4', '4', '4', 'ที่จอดรถผู้สูงอายุ', 'อื่นๆ', 'ที่จอดรถผู้สูงอายุ', 'อื่นๆ', 'ที่จอดรถผู้สูงอายุ', 'อื่นๆ', 'ที่จอดรถผู้สูงอายุ'),
(7, '0', '', '', '', '', '', '', '', '', '', '', '', '', '', '', '', '', '', '', ''),
(8, '1', 'ครอบครัว', 'รถส่วนตัว', '2 - 3 วัน', 'รีสอร์ท', '3,000 – 5,000 บาท', '5', '5', '4', '4', '5', '4', '4', 'พื้นราบสำหรับรถเข็น', '', '', '', 'ที่จอดรถผู้สูงอายุ', '', 'พื้นราบสำหรับรถเข็น'),
(9, '1', 'ครอบครัว', 'รถส่วนตัว', '2 - 3 วัน', 'รีสอร์ท', '1,000 - 3,000 บาท', '3', '3', '3', '2', '1', '1', '1', 'ที่นั่งพัก', 'ที่นั่งพัก', 'ที่นั่งพัก', 'ที่นั่งพัก', 'ที่นั่งพัก', 'ที่นั่งพัก', 'ที่นั่งพัก'),
(10, '1', 'ครอบครัว', 'รถส่วนตัว', '1 วัน', 'บ้านตนเอง', 'มากกว่า 5,000 บาท', '5', '2', '2', '4', '2', '2', '2', 'ที่นั่งพัก', 'ที่นั่งพัก', 'ที่นั่งพัก', 'สุขาผู้สูงอายุ/ผู้พิการ', 'ที่นั่งพัก', 'ที่นั่งพัก', 'ที่นั่งพัก'),
(11, '1', 'แพคเกจท่องเที่ยว', 'รถตู้', '2 - 3 วัน', 'โรงแรม', 'มากกว่า 5,000 บาท', '5', '5', '5', '4', '4', '5', '5', 'ที่นั่งพัก', 'ที่นั่งพัก', 'ที่นั่งพัก', 'ที่นั่งพัก', 'ที่นั่งพัก', 'ที่นั่งพัก', 'ที่นั่งพัก'),
(12, '0', '', '', '', '', '', '', '', '', '', '', '', '', '', '', '', '', '', '', ''),
(13, '1', 'ครอบครัว', 'รถส่วนตัว', '4 – 5 วัน', 'บ้านญาติ', '3,000 – 5,000 บาท', '5', '5', '4', '3', '5', '5', '4', 'ที่จอดรถผู้สูงอายุ', 'ที่จอดรถผู้สูงอายุ', 'สุขาผู้สูงอายุ/ผู้พิการ', 'สุขาผู้สูงอายุ/ผู้พิการ', 'ที่จอดรถผู้สูงอายุ', 'พื้นราบสำหรับรถเข็น', 'อื่นๆ'),
(14, '0', '', '', '', '', '', '', '', '', '', '', '', '', '', '', '', '', '', '', ''),
(15, '1', 'กลุ่มผู้สูงอายุ', 'รถบัส', '1 วัน', 'โรงแรม', 'น้อยกว่า 1,000 บาท', '5', '5', '5', '5', '5', '5', '5', 'ที่นั่งพัก', 'ที่นั่งพัก', 'ที่นั่งพัก', 'ที่นั่งพัก', 'ที่นั่งพัก', 'ที่นั่งพัก', 'ที่นั่งพัก'),
(16, '0', '', '', '', '', '', '', '', '', '', '', '', '', '', '', '', '', '', '', ''),
(17, '0', '', '', '', '', '', '', '', '', '', '', '', '', '', '', '', '', '', '', ''),
(18, '0', '', '', '', '', '', '', '', '', '', '', '', '', '', '', '', '', '', '', ''),
(19, '0', '', '', '', '', '', '', '', '', '', '', '', '', '', '', '', '', '', '', ''),
(20, '1', 'ครอบครัว', 'รถส่วนตัว', '2 - 3 วัน', 'โรงแรม', '1,000 - 3,000 บาท', '5', '5', '5', '5', '5', '5', '5', 'พื้นราบสำหรับรถเข็น', 'พื้นราบสำหรับรถเข็น', 'พื้นราบสำหรับรถเข็น', 'พื้นราบสำหรับรถเข็น', 'พื้นราบสำหรับรถเข็น', 'พื้นราบสำหรับรถเข็น', 'พื้นราบสำหรับรถเข็น'),
(21, '0', '', '', '', '', '', '', '', '', '', '', '', '', '', '', '', '', '', '', ''),
(22, '1', 'ครอบครัว', 'รถส่วนตัว', '2 - 3 วัน', 'รีสอร์ท', '3,000 – 5,000 บาท', '5', '5', '3', '5', '3', '3', '4', 'อื่นๆ', 'อื่นๆ', 'อื่นๆ', 'อื่นๆ', 'อื่นๆ', 'อื่นๆ', 'อื่นๆ'),
(23, '1', 'ครอบครัว', 'รถส่วนตัว', '2 - 3 วัน', 'โรงแรม', 'มากกว่า 5,000 บาท', '5', '5', '5', '5', '5', '5', '5', 'ที่นั่งพัก', 'ที่นั่งพัก', 'ที่นั่งพัก', 'ที่นั่งพัก', 'ที่นั่งพัก', 'ที่นั่งพัก', 'ที่นั่งพัก'),
(24, '1', 'ครอบครัว', 'รถส่วนตัว', '2 - 3 วัน', 'โรงแรม', 'มากกว่า 5,000 บาท', '4', '5', '5', '4', '4', '4', '3', 'ที่จอดรถผู้สูงอายุ, ที่นั่งพัก', 'ที่นั่งพัก', 'พื้นราบสำหรับรถเข็น', 'พื้นราบสำหรับรถเข็น', 'ที่จอดรถผู้สูงอายุ', 'ที่นั่งพัก', 'ที่จอดรถผู้สูงอายุ'),
(25, '1', 'ครอบครัว', 'รถส่วนตัว', '4 – 5 วัน', 'รีสอร์ท', 'มากกว่า 5,000 บาท', '3', '3', '3', '3', '4', '3', '3', 'ที่จอดรถผู้สูงอายุ, ที่นั่งพัก, สุขาผู้สูงอายุ/ผู้พิการ', 'ที่จอดรถผู้สูงอายุ, ที่นั่งพัก, สุขาผู้สูงอายุ/ผู้พิการ', 'ที่จอดรถผู้สูงอายุ, ที่นั่งพัก, สุขาผู้สูงอายุ/ผู้พิการ', 'ที่จอดรถผู้สูงอายุ, ที่นั่งพัก, สุขาผู้สูงอายุ/ผู้พิการ', 'ที่จอดรถผู้สูงอายุ, ที่นั่งพัก, สุขาผู้สูงอายุ/ผู้พิการ', 'ที่จอดรถผู้สูงอายุ, ที่นั่งพัก, สุขาผู้สูงอายุ/ผู้พิการ', 'ที่จอดรถผู้สูงอายุ, ที่นั่งพัก, สุขาผู้สูงอายุ/ผู้พิการ'),
(26, '0', '', '', '', '', '', '', '', '', '', '', '', '', '', '', '', '', '', '', ''),
(27, '1', 'ครอบครัว', 'รถส่วนตัว', '2 - 3 วัน', 'รีสอร์ท', '3,000 – 5,000 บาท', '5', '5', '5', '5', '5', '5', '5', 'พื้นราบสำหรับรถเข็น', 'พื้นราบสำหรับรถเข็น', 'พื้นราบสำหรับรถเข็น', 'ที่นั่งพัก', 'ที่จอดรถผู้สูงอายุ', 'ที่นั่งพัก', 'ที่นั่งพัก'),
(28, '1', 'ครอบครัว', 'รถส่วนตัว', '2 - 3 วัน', 'รีสอร์ท', '3,000 – 5,000 บาท', '5', '5', '5', '5', '5', '5', '5', 'พื้นราบสำหรับรถเข็น', 'พื้นราบสำหรับรถเข็น', 'พื้นราบสำหรับรถเข็น', 'พื้นราบสำหรับรถเข็น', 'พื้นราบสำหรับรถเข็น', 'พื้นราบสำหรับรถเข็น', 'พื้นราบสำหรับรถเข็น'),
(29, '0', '', '', '', '', '', '', '', '', '', '', '', '', '', '', '', '', '', '', ''),
(30, '1', 'ครอบครัว', 'รถส่วนตัว', '4 – 5 วัน', 'บ้านญาติ', '1,000 - 3,000 บาท', '5', '4', '5', '3', '4', '5', '4', 'สุขาผู้สูงอายุ/ผู้พิการ', 'ที่นั่งพัก', 'พื้นราบสำหรับรถเข็น', 'ที่นั่งพัก', 'ที่จอดรถผู้สูงอายุ', 'สุขาผู้สูงอายุ/ผู้พิการ', 'ที่นั่งพัก'),
(31, '0', '', '', '', '', '', '', '', '', '', '', '', '', '', '', '', '', '', '', ''),
(32, '0', '', '', '', '', '', '', '', '', '', '', '', '', '', '', '', '', '', '', ''),
(33, '1', 'ครอบครัว', 'รถส่วนตัว', '1 วัน', 'บ้านญาติ', '1,000 - 3,000 บาท', '5', '5', '5', '5', '5', '5', '5', 'พื้นราบสำหรับรถเข็น, ที่นั่งพัก', 'พื้นราบสำหรับรถเข็น, ที่นั่งพัก', 'พื้นราบสำหรับรถเข็น, ที่นั่งพัก', 'พื้นราบสำหรับรถเข็น, ที่นั่งพัก', 'พื้นราบสำหรับรถเข็น, ที่นั่งพัก', 'พื้นราบสำหรับรถเข็น, ที่นั่งพัก', 'พื้นราบสำหรับรถเข็น, ที่นั่งพัก'),
(34, '0', '', '', '', '', '', '', '', '', '', '', '', '', '', '', '', '', '', '', ''),
(35, '1', 'ครอบครัว', 'รถส่วนตัว', '2 - 3 วัน', 'โรงแรม', '3,000 – 5,000 บาท', '5', '5', '5', '5', '5', '4', '4', 'ที่จอดรถผู้สูงอายุ, ที่นั่งพัก', 'ที่นั่งพัก', 'ที่จอดรถผู้สูงอายุ', 'ที่จอดรถผู้สูงอายุ', 'ที่จอดรถผู้สูงอายุ', 'ที่นั่งพัก', 'ที่นั่งพัก'),
(36, '1', 'า', 'รถตู้', '2 - 3 วัน', 'โรงแรม', '3,000 – 5,000 บาท', '4', '5', '3', '4', '3', '4', '3', 'ที่จอดรถผู้สูงอายุ', 'ที่นั่งพัก', 'ที่จอดรถผู้สูงอายุ', 'ที่จอดรถผู้สูงอายุ', 'ที่นั่งพัก', 'ที่นั่งพัก', 'ที่นั่งพัก'),
(37, '1', 'ครอบครัว', 'รถส่วนตัว', '2 - 3 วัน', 'บ้านญาติ', '3,000 – 5,000 บาท', '2', '3', '3', '3', '2', '2', '3', 'ที่จอดรถผู้สูงอายุ', 'ที่นั่งพัก', 'ที่นั่งพัก', 'ที่จอดรถผู้สูงอายุ', 'สุขาผู้สูงอายุ/ผู้พิการ', 'สุขาผู้สูงอายุ/ผู้พิการ', 'ที่นั่งพัก'),
(38, '0', '', '', '', '', '', '', '', '', '', '', '', '', '', '', '', '', '', '', ''),
(39, '1', 'ครอบครัว', 'รถส่วนตัว', '4 – 5 วัน', 'โรงแรม', 'มากกว่า 5,000 บาท', '4', '3', '3', '2', '3', '4', '3', 'พื้นราบสำหรับรถเข็น, ที่จอดรถผู้สูงอายุ, ที่นั่งพัก', 'พื้นราบสำหรับรถเข็น, ที่จอดรถผู้สูงอายุ, ที่นั่งพัก, สุขาผู้สูงอายุ/ผู้พิการ', 'พื้นราบสำหรับรถเข็น, ที่จอดรถผู้สูงอายุ, ที่นั่งพัก, สุขาผู้สูงอายุ/ผู้พิการ', 'พื้นราบสำหรับรถเข็น, ที่จอดรถผู้สูงอายุ, ที่นั่งพัก, สุขาผู้สูงอายุ/ผู้พิการ', 'พื้นราบสำหรับรถเข็น, ที่จอดรถผู้สูงอายุ, ที่นั่งพัก, สุขาผู้สูงอายุ/ผู้พิการ', 'พื้นราบสำหรับรถเข็น, ที่จอดรถผู้สูงอายุ, ที่นั่งพัก, สุขาผู้สูงอายุ/ผู้พิการ', 'พื้นราบสำหรับรถเข็น, ที่จอดรถผู้สูงอายุ, ที่นั่งพัก, สุขาผู้สูงอายุ/ผู้พิการ'),
(40, '0', '', '', '', '', '', '', '', '', '', '', '', '', '', '', '', '', '', '', ''),
(41, '0', '', '', '', '', '', '', '', '', '', '', '', '', '', '', '', '', '', '', ''),
(42, '1', 'ครอบครัว', 'รถตู้', '2 - 3 วัน', 'โรงแรม', 'มากกว่า 5,000 บาท', '5', '5', '5', '3', '4', '5', '5', 'พื้นราบสำหรับรถเข็น, ที่นั่งพัก', 'พื้นราบสำหรับรถเข็น, ที่นั่งพัก', 'พื้นราบสำหรับรถเข็น, ที่นั่งพัก', 'พื้นราบสำหรับรถเข็น, ที่นั่งพัก', 'พื้นราบสำหรับรถเข็น, ที่นั่งพัก', 'พื้นราบสำหรับรถเข็น, ที่นั่งพัก', 'พื้นราบสำหรับรถเข็น, ที่นั่งพัก'),
(43, '0', '', '', '', '', '', '', '', '', '', '', '', '', '', '', '', '', '', '', ''),
(44, '0', '', '', '', '', '', '', '', '', '', '', '', '', '', '', '', '', '', '', ''),
(45, '0', '', '', '', '', '', '', '', '', '', '', '', '', '', '', '', '', '', '', ''),
(46, '0', '', '', '', '', '', '', '', '', '', '', '', '', '', '', '', '', '', '', ''),
(47, '0', '', '', '', '', '', '', '', '', '', '', '', '', '', '', '', '', '', '', ''),
(48, '0', '', '', '', '', '', '', '', '', '', '', '', '', '', '', '', '', '', '', ''),
(49, '0', '', '', '', '', '', '', '', '', '', '', '', '', '', '', '', '', '', '', ''),
(50, '1', 'ครอบครัว', 'รถส่วนตัว', '2 - 3 วัน', 'โรงแรม', '3,000 – 5,000 บาท', '4', '4', '4', '4', '1', '1', '4', 'พื้นราบสำหรับรถเข็น, ที่จอดรถผู้สูงอายุ, ที่นั่งพัก', 'ที่นั่งพัก', 'ที่นั่งพัก', 'ที่นั่งพัก', 'ที่นั่งพัก', 'ที่นั่งพัก', 'ที่นั่งพัก'),
(51, '0', '', '', '', '', '', '', '', '', '', '', '', '', '', '', '', '', '', '', ''),
(52, '0', '', '', '', '', '', '', '', '', '', '', '', '', '', '', '', '', '', '', ''),
(53, '0', '', '', '', '', '', '', '', '', '', '', '', '', '', '', '', '', '', '', ''),
(54, '0', '', '', '', '', '', '', '', '', '', '', '', '', '', '', '', '', '', '', ''),
(55, '1', 'ครอบครัว', 'รถส่วนตัว', '2 - 3 วัน', 'รีสอร์ท', 'มากกว่า 5,000 บาท', '5', '5', '5', '5', '4', '4', '5', 'ที่จอดรถผู้สูงอายุ', 'ที่จอดรถผู้สูงอายุ', 'ที่จอดรถผู้สูงอายุ', 'ที่จอดรถผู้สูงอายุ', 'ที่จอดรถผู้สูงอายุ', 'ที่จอดรถผู้สูงอายุ', 'ที่จอดรถผู้สูงอายุ'),
(56, '0', '', '', '', '', '', '', '', '', '', '', '', '', '', '', '', '', '', '', ''),
(57, '1', 'เพื่อน', 'รถส่วนตัว', '2 - 3 วัน', 'โรงแรม', 'มากกว่า 5,000 บาท', '4', '5', '4', '4', '3', '3', '4', 'สุขาผู้สูงอายุ/ผู้พิการ', 'สุขาผู้สูงอายุ/ผู้พิการ', 'ที่นั่งพัก', '', '', '', 'ที่นั่งพัก'),
(58, '0', '', '', '', '', '', '', '', '', '', '', '', '', '', '', '', '', '', '', ''),
(59, '1', 'ครอบครัว', 'รถส่วนตัว', '2 - 3 วัน', 'โรงแรม', 'มากกว่า 5,000 บาท', '4', '5', '3', '3', '3', '3', '4', 'พื้นราบสำหรับรถเข็น', 'สุขาผู้สูงอายุ/ผู้พิการ', 'สุขาผู้สูงอายุ/ผู้พิการ', 'สุขาผู้สูงอายุ/ผู้พิการ', 'ที่นั่งพัก', 'สุขาผู้สูงอายุ/ผู้พิการ', 'สุขาผู้สูงอายุ/ผู้พิการ'),
(60, '1', 'ครอบครัว', 'รถส่วนตัว', '2 - 3 วัน', 'โรงแรม', '3,000 – 5,000 บาท', '5', '5', '2', '4', '1', '1', '1', 'ที่นั่งพัก', 'ที่นั่งพัก', 'อื่นๆ', 'อื่นๆ', 'อื่นๆ', 'อื่นๆ', 'อื่นๆ'),
(61, '1', 'ครอบครัว', 'รถส่วนตัว', '2 - 3 วัน', 'รีสอร์ท', 'มากกว่า 5,000 บาท', '5', '5', '4', '4', '3', '3', '3', '', '', '', '', '', '', ''),
(62, '1', 'ครอบครัว', 'รถส่วนตัว', '2 - 3 วัน', 'รีสอร์ท', 'มากกว่า 5,000 บาท', '5', '5', '5', '5', '5', '5', '5', 'พื้นราบสำหรับรถเข็น', 'พื้นราบสำหรับรถเข็น', 'พื้นราบสำหรับรถเข็น', 'พื้นราบสำหรับรถเข็น', 'พื้นราบสำหรับรถเข็น', 'พื้นราบสำหรับรถเข็น', 'พื้นราบสำหรับรถเข็น'),
(63, '1', 'ครอบครัว', 'รถตู้', '4 – 5 วัน', 'รีสอร์ท', 'มากกว่า 5,000 บาท', '5', '5', '5', '5', '5', '5', '5', '', '', '', '', '', '', ''),
(64, '1', 'ครอบครัว', 'รถส่วนตัว', '2 - 3 วัน', 'โรงแรม', 'มากกว่า 5,000 บาท', '5', '4', '4', '4', '4', '4', '3', 'พื้นราบสำหรับรถเข็น, ที่จอดรถผู้สูงอายุ, ที่นั่งพัก', 'ที่นั่งพัก', 'ที่นั่งพัก', 'ที่นั่งพัก', 'ที่นั่งพัก', 'ที่นั่งพัก', 'ที่นั่งพัก'),
(65, '0', '', '', '', '', '', '', '', '', '', '', '', '', '', '', '', '', '', '', ''),
(66, '1', 'ครอบครัว', 'รถตู้', '2 - 3 วัน', 'โรงแรม', '3,000 – 5,000 บาท', '4', '4', '4', '4', '3', '3', '3', 'สุขาผู้สูงอายุ/ผู้พิการ', 'ที่นั่งพัก', 'ที่นั่งพัก', 'ที่นั่งพัก', 'สุขาผู้สูงอายุ/ผู้พิการ', 'สุขาผู้สูงอายุ/ผู้พิการ', 'ที่นั่งพัก'),
(67, '0', '', '', '', '', '', '', '', '', '', '', '', '', '', '', '', '', '', '', ''),
(68, '0', '', '', '', '', '', '', '', '', '', '', '', '', '', '', '', '', '', '', ''),
(69, '0', '', '', '', '', '', '', '', '', '', '', '', '', '', '', '', '', '', '', ''),
(70, '0', '', '', '', '', '', '', '', '', '', '', '', '', '', '', '', '', '', '', ''),
(71, '0', '', '', '', '', '', '', '', '', '', '', '', '', '', '', '', '', '', '', ''),
(72, '1', 'ครอบครัว', 'รถตู้', '2 - 3 วัน', 'โรงแรม', 'มากกว่า 5,000 บาท', '5', '5', '5', '5', '', '5', '5', 'พื้นราบสำหรับรถเข็น, ที่นั่งพัก', 'พื้นราบสำหรับรถเข็น, ที่นั่งพัก', 'พื้นราบสำหรับรถเข็น, ที่นั่งพัก', 'พื้นราบสำหรับรถเข็น, ที่นั่งพัก', 'พื้นราบสำหรับรถเข็น, ที่นั่งพัก', 'พื้นราบสำหรับรถเข็น, ที่นั่งพัก', 'พื้นราบสำหรับรถเข็น, ที่นั่งพัก'),
(73, '0', '', '', '', '', '', '', '', '', '', '', '', '', '', '', '', '', '', '', ''),
(74, '1', 'ครอบครัว', 'รถส่วนตัว', '2 - 3 วัน', 'โรงแรม', '3,000 – 5,000 บาท', '4', '4', '4', '5', '4', '4', '5', 'ที่จอดรถผู้สูงอายุ', 'พื้นราบสำหรับรถเข็น', 'ที่จอดรถผู้สูงอายุ', 'ที่นั่งพัก', 'ที่จอดรถผู้สูงอายุ', 'ที่จอดรถผู้สูงอายุ', 'ที่นั่งพัก'),
(75, '1', 'พาหลานไปสอบครูผู้ช่วย', 'รถประจำทาง', '2 - 3 วัน', 'โรงแรม', '3,000 – 5,000 บาท', '5', '4', '', '', '', '', '5', 'อื่นๆ', 'อื่นๆ', '', 'ที่จอดรถผู้สูงอายุ', '', '', 'อื่นๆ'),
(76, '0', '', '', '', '', '', '', '', '', '', '', '', '', '', '', '', '', '', '', ''),
(77, '0', '', '', '', '', '', '', '', '', '', '', '', '', '', '', '', '', '', '', ''),
(78, '0', '', '', '', '', '', '', '', '', '', '', '', '', '', '', '', '', '', '', ''),
(79, '0', '', '', '', '', '', '', '', '', '', '', '', '', '', '', '', '', '', '', ''),
(80, '0', '', '', '', '', '', '', '', '', '', '', '', '', '', '', '', '', '', '', ''),
(81, '0', '', '', '', '', '', '', '', '', '', '', '', '', '', '', '', '', '', '', ''),
(82, '0', '', '', '', '', '', '', '', '', '', '', '', '', '', '', '', '', '', '', ''),
(83, '1', 'ครอบครัว', 'รถส่วนตัว', '2 - 3 วัน', 'รีสอร์ท', '3,000 – 5,000 บาท', '5', '4', '4', '5', '4', '4', '4', 'ที่นั่งพัก', 'ที่นั่งพัก', 'ที่นั่งพัก', 'ที่นั่งพัก', 'ที่นั่งพัก', 'ที่นั่งพัก', 'ที่นั่งพัก'),
(84, '0', '', '', '', '', '', '', '', '', '', '', '', '', '', '', '', '', '', '', ''),
(85, '0', '', '', '', '', '', '', '', '', '', '', '', '', '', '', '', '', '', '', ''),
(86, '1', 'ครอบครัว', 'รถประจำทาง', '4 – 5 วัน', 'บ้านตนเอง', 'น้อยกว่า 1,000 บาท', '3', '4', '4', '4', '4', '4', '4', 'ที่จอดรถผู้สูงอายุ', 'ที่นั่งพัก', 'ที่จอดรถผู้สูงอายุ', '', 'ที่จอดรถผู้สูงอายุ', 'ที่จอดรถผู้สูงอายุ', 'ที่นั่งพัก'),
(87, '0', '', '', '', '', '', '', '', '', '', '', '', '', '', '', '', '', '', '', ''),
(88, '0', '', '', '', '', '', '', '', '', '', '', '', '', '', '', '', '', '', '', ''),
(89, '1', 'ครอบครัว', 'รถส่วนตัว', '2 - 3 วัน', 'รีสอร์ท', 'มากกว่า 5,000 บาท', '5', '5', '5', '5', '3', '3', '4', 'พื้นราบสำหรับรถเข็น', 'พื้นราบสำหรับรถเข็น', 'พื้นราบสำหรับรถเข็น', 'สุขาผู้สูงอายุ/ผู้พิการ', 'ที่นั่งพัก', 'พื้นราบสำหรับรถเข็น', 'พื้นราบสำหรับรถเข็น'),
(90, '1', 'ครอบครัว', 'รถตู้', '2 - 3 วัน', 'โรงแรม', 'มากกว่า 5,000 บาท', '5', '5', '5', '4', '4', '3', '3', 'พื้นราบสำหรับรถเข็น, ที่นั่งพัก', 'ที่นั่งพัก', 'ที่นั่งพัก', '', 'พื้นราบสำหรับรถเข็น, ที่นั่งพัก', 'ที่นั่งพัก', ''),
(91, '0', '', '', '', '', '', '', '', '', '', '', '', '', '', '', '', '', '', '', ''),
(92, '1', 'ครอบครัว', 'รถส่วนตัว', '6 – 7 วัน', 'บ้านญาติ', 'มากกว่า 5,000 บาท', '4', '4', '3', '3', '5', '4', '3', 'ที่จอดรถผู้สูงอายุ, ที่นั่งพัก', 'พื้นราบสำหรับรถเข็น, ที่นั่งพัก', 'พื้นราบสำหรับรถเข็น, ที่จอดรถผู้สูงอายุ, ที่นั่งพัก', 'ที่จอดรถผู้สูงอายุ, ที่นั่งพัก, สุขาผู้สูงอายุ/ผู้พิการ', 'ที่จอดรถผู้สูงอายุ, สุขาผู้สูงอายุ/ผู้พิการ', 'ที่นั่งพัก, สุขาผู้สูงอายุ/ผู้พิการ', 'ที่จอดรถผู้สูงอายุ, ที่นั่งพัก, สุขาผู้สูงอายุ/ผู้พิการ'),
(93, '0', '', '', '', '', '', '', '', '', '', '', '', '', '', '', '', '', '', '', ''),
(94, '0', '', '', '', '', '', '', '', '', '', '', '', '', '', '', '', '', '', '', ''),
(95, '0', '', '', '', '', '', '', '', '', '', '', '', '', '', '', '', '', '', '', ''),
(96, '0', '', '', '', '', '', '', '', '', '', '', '', '', '', '', '', '', '', '', ''),
(97, '0', '', '', '', '', '', '', '', '', '', '', '', '', '', '', '', '', '', '', ''),
(98, '1', 'ครอบครัว', 'รถส่วนตัว', '1 - 2 อาทิตย์', 'บ้านตนเอง', 'มากกว่า 5,000 บาท', '3', '3', '5', '3', '5', '5', '4', 'ที่นั่งพัก', 'ที่นั่งพัก', 'ที่นั่งพัก', 'ที่นั่งพัก', 'ที่นั่งพัก, สุขาผู้สูงอายุ/ผู้พิการ', 'ที่นั่งพัก', 'ที่นั่งพัก'),
(99, '0', '', '', '', '', '', '', '', '', '', '', '', '', '', '', '', '', '', '', ''),
(100, '1', 'ครอบครัว', 'รถส่วนตัว', '1 วัน', 'บ้านตนเอง', '3,000 – 5,000 บาท', '5', '5', '5', '5', '5', '5', '5', 'ที่จอดรถผู้สูงอายุ, ที่นั่งพัก', 'ที่นั่งพัก', 'พื้นราบสำหรับรถเข็น, ที่นั่งพัก', 'ที่นั่งพัก', 'ที่จอดรถผู้สูงอายุ, ที่นั่งพัก', 'ที่นั่งพัก', 'พื้นราบสำหรับรถเข็น, ที่จอดรถผู้สูงอายุ, ที่นั่งพัก'),
(101, '1', 'ครอบครัว', 'รถส่วนตัว', '2 - 3 วัน', 'รีสอร์ท', 'มากกว่า 5,000 บาท', '5', '4', '5', '5', '5', '5', '5', 'พื้นราบสำหรับรถเข็น', 'พื้นราบสำหรับรถเข็น', 'พื้นราบสำหรับรถเข็น', 'พื้นราบสำหรับรถเข็น', 'อื่นๆ', 'อื่นๆ', 'อื่นๆ'),
(102, '1', 'ครอบครัว', 'รถส่วนตัว', '1 - 2 อาทิตย์', 'บ้านญาติ', 'มากกว่า 5,000 บาท', '4', '4', '', '', '', '', '', 'ที่จอดรถผู้สูงอายุ', 'ที่นั่งพัก', '', '', '', '', ''),
(103, '0', '', '', '', '', '', '', '', '', '', '', '', '', '', '', '', '', '', '', ''),
(104, '0', '', '', '', '', '', '', '', '', '', '', '', '', '', '', '', '', '', '', ''),
(105, '0', '', '', '', '', '', '', '', '', '', '', '', '', '', '', '', '', '', '', ''),
(106, '0', '', '', '', '', '', '', '', '', '', '', '', '', '', '', '', '', '', '', ''),
(107, '0', '', '', '', '', '', '', '', '', '', '', '', '', '', '', '', '', '', '', ''),
(108, '0', '', '', '', '', '', '', '', '', '', '', '', '', '', '', '', '', '', '', ''),
(109, '0', '', '', '', '', '', '', '', '', '', '', '', '', '', '', '', '', '', '', ''),
(110, '0', '', '', '', '', '', '', '', '', '', '', '', '', '', '', '', '', '', '', ''),
(111, '0', '', '', '', '', '', '', '', '', '', '', '', '', '', '', '', '', '', '', ''),
(112, '0', '', '', '', '', '', '', '', '', '', '', '', '', '', '', '', '', '', '', ''),
(113, '0', '', '', '', '', '', '', '', '', '', '', '', '', '', '', '', '', '', '', ''),
(114, '0', '', '', '', '', '', '', '', '', '', '', '', '', '', '', '', '', '', '', ''),
(115, '1', 'แพคเกจท่องเที่ยว', 'รถบัส', '2 - 3 วัน', 'โรงแรม', '1,000 - 3,000 บาท', '4', '4', '3', '4', '4', '4', '4', 'ที่จอดรถผู้สูงอายุ', 'พื้นราบสำหรับรถเข็น, สุขาผู้สูงอายุ/ผู้พิการ', 'ที่นั่งพัก, อื่นๆ', 'สุขาผู้สูงอายุ/ผู้พิการ', 'พื้นราบสำหรับรถเข็น, ที่จอดรถผู้สูงอายุ', 'ที่จอดรถผู้สูงอายุ', 'อื่นๆ'),
(116, '0', '', '', '', '', '', '', '', '', '', '', '', '', '', '', '', '', '', '', ''),
(117, '0', '', '', '', '', '', '', '', '', '', '', '', '', '', '', '', '', '', '', ''),
(118, '0', '', '', '', '', '', '', '', '', '', '', '', '', '', '', '', '', '', '', ''),
(119, '0', '', '', '', '', '', '', '', '', '', '', '', '', '', '', '', '', '', '', ''),
(120, '0', '', '', '', '', '', '', '', '', '', '', '', '', '', '', '', '', '', '', ''),
(121, '0', '', '', '', '', '', '', '', '', '', '', '', '', '', '', '', '', '', '', ''),
(122, '0', '', '', '', '', '', '', '', '', '', '', '', '', '', '', '', '', '', '', ''),
(123, '0', '', '', '', '', '', '', '', '', '', '', '', '', '', '', '', '', '', '', ''),
(124, '1', 'ครอบครัว', 'รถส่วนตัว', '2 - 3 วัน', 'รีสอร์ท', '1,000 - 3,000 บาท', '3', '2', '4', '3', '4', '3', '3', 'ที่นั่งพัก', 'ที่นั่งพัก', 'ที่นั่งพัก', 'ที่นั่งพัก', 'ที่นั่งพัก', 'ที่นั่งพัก', 'ที่นั่งพัก'),
(125, '0', '', '', '', '', '', '', '', '', '', '', '', '', '', '', '', '', '', '', ''),
(126, '1', 'กลุ่มผู้สูงอายุ', 'รถบัส', '6 – 7 วัน', 'โรงแรม', 'มากกว่า 5,000 บาท', '5', '5', '5', '5', '5', '5', '5', 'พื้นราบสำหรับรถเข็น', 'พื้นราบสำหรับรถเข็น', 'พื้นราบสำหรับรถเข็น', 'พื้นราบสำหรับรถเข็น', '', 'พื้นราบสำหรับรถเข็น', 'พื้นราบสำหรับรถเข็น'),
(127, '0', '', '', '', '', '', '', '', '', '', '', '', '', '', '', '', '', '', '', ''),
(128, '1', 'ครอบครัว', 'รถส่วนตัว', '4 – 5 วัน', 'โรงแรม', 'มากกว่า 5,000 บาท', '5', '4', '4', '3', '', '4', '3', 'พื้นราบสำหรับรถเข็น, ที่จอดรถผู้สูงอายุ, ที่นั่งพัก, สุขาผู้สูงอายุ/ผู้พิการ', 'ที่นั่งพัก', 'พื้นราบสำหรับรถเข็น, ที่นั่งพัก', 'พื้นราบสำหรับรถเข็น', '', '', 'ที่นั่งพัก'),
(129, '0', '', '', '', '', '', '', '', '', '', '', '', '', '', '', '', '', '', '', ''),
(130, '0', '', '', '', '', '', '', '', '', '', '', '', '', '', '', '', '', '', '', ''),
(131, '1', 'แพคเกจท่องเที่ยว', 'รถส่วนตัว', '2 - 3 วัน', 'โรงแรม', '1,000 - 3,000 บาท', '3', '4', '3', '4', '4', '4', '4', 'ที่นั่งพัก', 'ที่นั่งพัก', 'ที่นั่งพัก', 'ที่นั่งพัก', 'ที่นั่งพัก', 'ที่นั่งพัก', 'ที่นั่งพัก'),
(132, '0', '', '', '', '', '', '', '', '', '', '', '', '', '', '', '', '', '', '', ''),
(133, '1', 'แพคเกจท่องเที่ยว', 'รถส่วนตัว', '2 - 3 วัน', 'โรงแรม', '1,000 - 3,000 บาท', '3', '4', '3', '4', '4', '4', '4', 'ที่นั่งพัก', 'ที่นั่งพัก', 'ที่นั่งพัก', 'ที่นั่งพัก', 'ที่นั่งพัก', 'ที่นั่งพัก', 'ที่นั่งพัก'),
(134, '1', 'ครอบครัว', 'รถส่วนตัว', '2 - 3 วัน', 'รีสอร์ท', 'มากกว่า 5,000 บาท', '5', '5', '5', '5', '5', '5', '5', 'พื้นราบสำหรับรถเข็น, ที่นั่งพัก', 'พื้นราบสำหรับรถเข็น, ที่นั่งพัก', 'พื้นราบสำหรับรถเข็น, ที่นั่งพัก', 'พื้นราบสำหรับรถเข็น, ที่นั่งพัก', 'พื้นราบสำหรับรถเข็น, ที่นั่งพัก', 'ที่นั่งพัก', 'ที่นั่งพัก'),
(135, '0', '', '', '', '', '', '', '', '', '', '', '', '', '', '', '', '', '', '', ''),
(136, '0', '', '', '', '', '', '', '', '', '', '', '', '', '', '', '', '', '', '', ''),
(137, '0', '', '', '', '', '', '', '', '', '', '', '', '', '', '', '', '', '', '', ''),
(138, '0', '', '', '', '', '', '', '', '', '', '', '', '', '', '', '', '', '', '', ''),
(139, '0', '', '', '', '', '', '', '', '', '', '', '', '', '', '', '', '', '', '', ''),
(140, '1', 'ไปกับหน่วยงาน', 'รถบัส', '2 - 3 วัน', 'โรงแรม', '3,000 – 5,000 บาท', '4', '4', '', '4', '', '', '4', 'ที่นั่งพัก', 'ที่นั่งพัก', '', 'พื้นราบสำหรับรถเข็น', '', '', 'ที่จอดรถผู้สูงอายุ, ที่นั่งพัก, สุขาผู้สูงอายุ/ผู้พิการ'),
(141, '0', '', '', '', '', '', '', '', '', '', '', '', '', '', '', '', '', '', '', ''),
(142, '0', '', '', '', '', '', '', '', '', '', '', '', '', '', '', '', '', '', '', ''),
(143, '0', '', '', '', '', '', '', '', '', '', '', '', '', '', '', '', '', '', '', ''),
(144, '1', 'แพคเกจท่องเที่ยว', 'รถตู้', '4 – 5 วัน', 'โรงแรม', 'มากกว่า 5,000 บาท', '5', '5', '5', '5', '5', '5', '5', 'พื้นราบสำหรับรถเข็น, ที่จอดรถผู้สูงอายุ, ที่นั่งพัก', 'พื้นราบสำหรับรถเข็น, ที่นั่งพัก', 'พื้นราบสำหรับรถเข็น, ที่นั่งพัก', 'พื้นราบสำหรับรถเข็น, ที่จอดรถผู้สูงอายุ, ที่นั่งพัก', 'พื้นราบสำหรับรถเข็น, ที่นั่งพัก', 'พื้นราบสำหรับรถเข็น, ที่นั่งพัก', 'พื้นราบสำหรับรถเข็น, ที่จอดรถผู้สูงอายุ, ที่นั่งพัก'),
(145, '0', '', '', '', '', '', '', '', '', '', '', '', '', '', '', '', '', '', '', ''),
(146, '0', '', '', '', '', '', '', '', '', '', '', '', '', '', '', '', '', '', '', ''),
(147, '0', '', '', '', '', '', '', '', '', '', '', '', '', '', '', '', '', '', '', ''),
(148, '0', '', '', '', '', '', '', '', '', '', '', '', '', '', '', '', '', '', '', ''),
(149, '0', '', '', '', '', '', '', '', '', '', '', '', '', '', '', '', '', '', '', ''),
(150, '1', 'กลุ่มผู้สูงอายุ', 'รถบัส', '2 - 3 วัน', 'โรงแรม', '1,000 - 3,000 บาท', '5', '5', '3', '4', '', '', '4', 'พื้นราบสำหรับรถเข็น, ที่จอดรถผู้สูงอายุ, ที่นั่งพัก, สุขาผู้สูงอายุ/ผู้พิการ', 'พื้นราบสำหรับรถเข็น, ที่นั่งพัก', '', 'พื้นราบสำหรับรถเข็น, ที่จอดรถผู้สูงอายุ, ที่นั่งพัก', '', '', 'พื้นราบสำหรับรถเข็น');

-- --------------------------------------------------------

--
-- Table structure for table `data_oldcase`
--

CREATE TABLE `data_oldcase` (
  `id_data_oldcase` int(7) NOT NULL,
  `gender` varchar(10) COLLATE utf8_unicode_ci NOT NULL,
  `age` varchar(15) COLLATE utf8_unicode_ci NOT NULL,
  `province` varchar(50) COLLATE utf8_unicode_ci NOT NULL,
  `career` varchar(50) COLLATE utf8_unicode_ci NOT NULL,
  `congenital_dis` varchar(20) COLLATE utf8_unicode_ci NOT NULL,
  `name_congenital_dis` varchar(100) COLLATE utf8_unicode_ci DEFAULT NULL,
  `body_movement` varchar(100) COLLATE utf8_unicode_ci NOT NULL,
  `saving` varchar(20) COLLATE utf8_unicode_ci NOT NULL,
  `id_phitsanulok` int(5) NOT NULL
) ENGINE=InnoDB DEFAULT CHARSET=utf8 COLLATE=utf8_unicode_ci;

--
-- Dumping data for table `data_oldcase`
--

INSERT INTO `data_oldcase` (`id_data_oldcase`, `gender`, `age`, `province`, `career`, `congenital_dis`, `name_congenital_dis`, `body_movement`, `saving`, `id_phitsanulok`) VALUES
(1, 'ชาย', '50 - 60 ปี', 'พิษณุโลก', 'รับราชการ', 'ไม่มี', '', 'เดินได้ปกติ', 'มี', 1),
(2, 'หญิง', '70 ปีขึ้นไป', 'กรุงเทพมหานคร', 'แม่บ้าน', 'มี', 'เบาหวาน, ความดันโลหิต, ข้อเข่าเสื่อม', 'เดินได้เล็กน้อย/ใช้ไม้เท้า', 'ไม่มี', 2),
(3, 'หญิง', '50 - 60 ปี', 'สุโขทัย', 'เกษตรกรรม', 'ไม่มี', '', 'เดินได้ปกติ', 'ไม่มี', 3),
(4, 'ชาย', '50 - 60 ปี', 'อุทัยธานี', 'รับราชการ', 'ไม่มี', '', 'เดินได้ปกติ', 'ไม่มี', 4),
(5, 'ชาย', '50 - 60 ปี', 'สกลนคร', 'รับราชการ', 'มี', 'โรคหัวใจ', 'เดินได้ปกติ', 'มี', 5),
(6, 'หญิง', '50 - 60 ปี', 'เพชรบูรณ์', 'รับราชการ', 'ไม่มี', '', 'เดินได้ปกติ', 'ไม่มี', 6),
(7, 'หญิง', '50 - 60 ปี', 'เพชรบูรณ์', 'ค้าขาย', 'มี', 'โรคหัวใจ, พิการติดเตียง', 'เดินไม่ได้/ใช้รถเข็น', 'ไม่มี', 7),
(8, 'หญิง', '50 - 60 ปี', 'เพชรบูรณ์', 'รับราชการ', 'ไม่มี', '', 'เดินได้ปกติ', 'มี', 8),
(9, 'หญิง', '50 - 60 ปี', 'เพชรบูรณ์', 'รับราชการ', 'มี', 'ความดันโลหิต', 'เดินได้ปกติ', 'มี', 9),
(10, 'หญิง', '70 ปีขึ้นไป', 'เพชรบูรณ์', 'รับจ้างทั่วไป', 'ไม่มี', 'ความดันโลหิต', 'เดินได้ปกติ', 'ไม่มี', 10),
(11, 'ชาย', '50 - 60 ปี', 'เพชรบูรณ์', 'รับราชการ', 'ไม่มี', '', 'เดินได้ปกติ', 'มี', 11),
(12, 'หญิง', '60 - 70 ปี', 'เพชรบูรณ์', 'แม่บ้าน', 'มี', 'เบาหวาน, ความดันโลหิต', 'เดินได้ปกติ', 'มี', 12),
(13, 'หญิง', '50 - 60 ปี', 'เพชรบูรณ์', 'รับราชการ', 'มี', 'ความดันโลหิต', 'เดินได้ปกติ', 'ไม่มี', 13),
(14, 'หญิง', '50 - 60 ปี', 'เพชรบูรณ์', 'รับราชการ', 'ไม่มี', 'ข้อเข่าเสื่อม', 'เดินได้ปกติ', 'มี', 14),
(15, 'หญิง', '50 - 60 ปี', 'เพชรบูรณ์', 'รับจ้างทั่วไป', 'มี', 'ต่อมไทรอยเปนพิษ', 'เดินได้ปกติ', 'ไม่มี', 15),
(16, 'หญิง', '50 - 60 ปี', 'พิษณุโลก', 'ค้าขาย', 'ไม่มี', '', 'เดินได้ปกติ', 'มี', 16),
(17, 'หญิง', '50 - 60 ปี', 'กรุงเทพมหานคร', 'รับราชการ', 'มี', 'ความดันโลหิต', 'เดินได้ปกติ', 'มี', 17),
(18, 'หญิง', '50 - 60 ปี', 'เพชรบูรณ์', 'อื่นๆ', 'ไม่มี', '', 'เดินได้ปกติ', 'มี', 18),
(19, 'หญิง', '50 - 60 ปี', 'เพชรบูรณ์', 'อื่นๆ', 'ไม่มี', '', 'เดินได้ปกติ', 'มี', 19),
(20, 'หญิง', '50 - 60 ปี', 'เพชรบูรณ์', 'รับราชการ', 'มี', 'เบาหวาน, ความดันโลหิต', 'เดินได้ปกติ', 'มี', 20),
(21, 'ชาย', '60 - 70 ปี', 'เพชรบูรณ์', 'รับจ้างทั่วไป', 'ไม่มี', '', 'เดินได้ปกติ', 'มี', 21),
(22, 'ชาย', '50 - 60 ปี', 'สุโขทัย', 'รับราชการ', 'มี', 'ความดันโลหิต', 'เดินได้ปกติ', 'มี', 22),
(23, 'หญิง', '50 - 60 ปี', 'สุโขทัย', 'รับราชการ', 'ไม่มี', '', 'เดินได้ปกติ', 'มี', 23),
(24, 'หญิง', '50 - 60 ปี', 'สุโขทัย', 'เกษตรกรรม', 'ไม่มี', 'ข้อเข่าเสื่อม', 'เดินได้ปกติ', 'ไม่มี', 24),
(25, 'หญิง', '50 - 60 ปี', 'อุทัยธานี', 'แม่บ้าน', 'ไม่มี', '', 'เดินได้ปกติ', 'มี', 25),
(26, 'หญิง', '70 ปีขึ้นไป', 'สุโขทัย', 'อื่นๆ', 'มี', 'เบาหวาน', 'เดินได้ปกติ', 'มี', 26),
(27, 'หญิง', '50 - 60 ปี', 'สุโขทัย', 'รับราชการ', 'ไม่มี', '', 'เดินได้ปกติ', 'มี', 27),
(28, 'ชาย', '50 - 60 ปี', 'สุโขทัย', 'อื่นๆ', 'ไม่มี', '', 'เดินได้ปกติ', 'มี', 28),
(29, 'หญิง', '50 - 60 ปี', 'เพชรบูรณ์', 'แม่บ้าน', 'ไม่มี', '', 'เดินได้ปกติ', 'มี', 29),
(30, 'หญิง', '70 ปีขึ้นไป', 'สุโขทัย', 'รับจ้างทั่วไป', 'ไม่มี', '', 'เดินได้เล็กน้อย/ใช้ไม้เท้า', 'มี', 30),
(31, 'ชาย', '70 ปีขึ้นไป', 'เพชรบูรณ์', 'รับราชการ', 'ไม่มี', '', 'เดินได้ปกติ', 'มี', 31),
(32, 'หญิง', '50 - 60 ปี', 'สุโขทัย', 'อื่นๆ', 'ไม่มี', '', 'เดินได้ปกติ', 'มี', 32),
(33, 'หญิง', '50 - 60 ปี', 'สุโขทัย', 'เกษตรกรรม', 'ไม่มี', 'ความดันโลหิต', 'เดินได้ปกติ', 'มี', 33),
(34, 'หญิง', '50 - 60 ปี', 'สุโขทัย', 'อื่นๆ', 'ไม่มี', '', 'เดินได้ปกติ', 'มี', 34),
(35, 'หญิง', '50 - 60 ปี', 'สุโขทัย', 'รับราชการ', 'ไม่มี', '', 'เดินได้ปกติ', 'มี', 35),
(36, 'หญิง', '50 - 60 ปี', 'เพชรบูรณ์', 'รับราชการ', 'ไม่มี', '', 'เดินได้ปกติ', 'มี', 36),
(37, 'ชาย', '50 - 60 ปี', 'ลำปาง', 'ค้าขาย', 'มี', 'โรคหัวใจ, เบาหวาน, ข้อเข่าเสื่อม', 'เดินได้ปกติ', 'มี', 37),
(38, 'หญิง', '60 - 70 ปี', 'นครสวรรค์', 'อื่นๆ', 'มี', 'โรคหัวใจ, ความดันโลหิต, จอประสาทตาเสื่อม', 'เดินได้ปกติ', 'ไม่มี', 38),
(39, 'หญิง', '50 - 60 ปี', 'พิษณุโลก', 'ค้าขาย', 'มี', 'ความดันโลหิต', 'เดินได้ปกติ', 'มี', 39),
(40, 'หญิง', '50 - 60 ปี', 'กรุงเทพมหานคร', 'ธุรกิจส่วนตัว', 'ไม่มี', '', 'เดินได้ปกติ', 'มี', 40),
(41, 'หญิง', '50 - 60 ปี', 'เพชรบูรณ์', 'เกษตรกรรม', 'มี', 'ข้อเข่าเสื่อม', 'เดินได้ปกติ', 'ไม่มี', 41),
(42, 'ชาย', '70 ปีขึ้นไป', 'ชัยนาท', 'อื่นๆ', 'มี', 'ความดันโลหิต, ต้อหิน ต้อกระจก', 'เดินได้เล็กน้อย/ใช้ไม้เท้า', 'ไม่มี', 42),
(43, 'หญิง', '50 - 60 ปี', 'กรุงเทพมหานคร', 'ธุรกิจส่วนตัว', 'ไม่มี', '', 'เดินได้ปกติ', 'มี', 43),
(44, 'หญิง', '50 - 60 ปี', 'กรุงเทพมหานคร', 'ธุรกิจส่วนตัว', 'ไม่มี', '', 'เดินได้ปกติ', 'มี', 44),
(45, 'หญิง', '50 - 60 ปี', 'กรุงเทพมหานคร', 'ธุรกิจส่วนตัว', 'ไม่มี', '', 'เดินได้ปกติ', 'มี', 45),
(46, 'หญิง', '50 - 60 ปี', 'กรุงเทพมหานคร', 'ธุรกิจส่วนตัว', 'ไม่มี', '', 'เดินได้ปกติ', 'มี', 46),
(47, 'หญิง', '70 ปีขึ้นไป', 'พิษณุโลก', 'แม่บ้าน', 'มี', 'ความดันโลหิต', 'เดินได้ปกติ', 'มี', 47),
(48, 'หญิง', '50 - 60 ปี', 'สุโขทัย', 'รับจ้างทั่วไป', 'มี', 'ความดันโลหิต', 'เดินได้ปกติ', 'ไม่มี', 48),
(49, 'หญิง', '60 - 70 ปี', 'กรุงเทพมหานคร', 'แม่บ้าน', 'มี', 'ความดันโลหิต', 'เดินได้ปกติ', 'มี', 49),
(50, 'ชาย', '70 ปีขึ้นไป', 'พิษณุโลก', 'เกษตรกรรม', 'มี', 'ความดันโลหิต', 'เดินได้ปกติ', 'ไม่มี', 50),
(51, 'หญิง', '70 ปีขึ้นไป', 'กรุงเทพมหานคร', 'ค้าขาย', 'มี', 'ความดันโลหิต', 'เดินได้ปกติ', 'ไม่มี', 51),
(52, 'ชาย', '50 - 60 ปี', 'สุโขทัย', 'รับราชการ', 'ไม่มี', '', 'เดินได้ปกติ', 'มี', 52),
(53, 'ชาย', '50 - 60 ปี', 'พิษณุโลก', 'รับจ้างทั่วไป', 'ไม่มี', '', 'เดินได้ปกติ', 'ไม่มี', 53),
(54, 'หญิง', '60 - 70 ปี', 'อุบลราชธานี', 'เกษตรกรรม', 'มี', 'เบาหวาน, ข้อเข่าเสื่อม', 'เดินได้เล็กน้อย/ใช้ไม้เท้า', 'ไม่มี', 54),
(55, 'หญิง', '60 - 70 ปี', 'เพชรบูรณ์', 'แม่บ้าน', 'มี', 'เบาหวาน, ความดันโลหิต', 'เดินได้ปกติ', 'มี', 55),
(56, 'หญิง', '70 ปีขึ้นไป', 'นครสวรรค์', 'อื่นๆ', 'มี', 'ความดันโลหิต', 'เดินได้เล็กน้อย/ใช้รถเข็น', 'ไม่มี', 56),
(57, 'หญิง', '50 - 60 ปี', 'เพชรบูรณ์', 'รับราชการ', 'มี', '', 'เดินได้ปกติ', 'มี', 57),
(58, 'ชาย', '60 - 70 ปี', 'พิษณุโลก', 'แม่บ้าน', 'ไม่มี', '', 'เดินได้ปกติ', 'ไม่มี', 58),
(59, 'หญิง', '50 - 60 ปี', 'เพชรบูรณ์', 'รับราชการ', 'ไม่มี', '', 'เดินได้ปกติ', 'มี', 59),
(60, 'หญิง', '50 - 60 ปี', 'พิษณุโลก', 'ธุรกิจส่วนตัว', 'ไม่มี', '', 'เดินได้ปกติ', 'มี', 60),
(61, 'ชาย', '50 - 60 ปี', 'นครสวรรค์', 'ธุรกิจส่วนตัว', 'ไม่มี', '', 'เดินได้ปกติ', 'มี', 61),
(62, 'ชาย', '50 - 60 ปี', 'นครสวรรค์', 'ธุรกิจส่วนตัว', 'ไม่มี', '', 'เดินได้ปกติ', 'มี', 62),
(63, 'หญิง', '50 - 60 ปี', 'นครสวรรค์', 'ธุรกิจส่วนตัว', 'ไม่มี', '', 'เดินได้ปกติ', 'มี', 63),
(64, 'หญิง', '50 - 60 ปี', 'เพชรบูรณ์', 'รับราชการ', 'มี', 'ความดันโลหิต', 'เดินได้ปกติ', 'มี', 64),
(65, 'หญิง', '60 - 70 ปี', 'ราชบุรี', 'ค้าขาย', 'มี', 'ข้อเข่าเสื่อม, ไทรอยด์', 'เดินได้เล็กน้อย/ใช้ไม้เท้า', 'มี', 65),
(66, 'ชาย', '60 - 70 ปี', 'นครปฐม', 'ค้าขาย', 'มี', 'เก๊าท์', 'เดินได้ปกติ', 'ไม่มี', 66),
(67, 'ชาย', '60 - 70 ปี', 'กรุงเทพมหานคร', 'พนักงานบริษัท', 'ไม่มี', '', 'เดินได้ปกติ', 'มี', 67),
(68, 'ชาย', '70 ปีขึ้นไป', 'ชัยนาท', 'อื่นๆ', 'มี', 'ความดันโลหิต, ข้อเข่าเสื่อม, จอประสาทตาเสื่อม', 'เดินได้เล็กน้อย/ใช้ไม้เท้า', 'ไม่มี', 68),
(69, 'หญิง', '70 ปีขึ้นไป', 'ชัยนาท', 'ธุรกิจส่วนตัว', 'มี', 'เบาหวาน, ความดันโลหิต, จอประสาทตาเสื่อม', 'เดินได้ปกติ', 'ไม่มี', 69),
(70, 'หญิง', '70 ปีขึ้นไป', 'นครสวรรค์', 'ธุรกิจส่วนตัว', 'ไม่มี', '', 'เดินได้ปกติ', 'ไม่มี', 70),
(71, 'หญิง', '60 - 70 ปี', 'ลำปาง', 'เกษตรกรรม', 'มี', 'เบาหวาน', 'เดินได้เล็กน้อย/ใช้ไม้เท้า', 'ไม่มี', 71),
(72, 'หญิง', '50 - 60 ปี', 'นครสวรรค์', 'ค้าขาย', 'มี', 'เบาหวาน, ความดันโลหิต', 'เดินได้ปกติ', 'ไม่มี', 72),
(73, 'หญิง', '50 - 60 ปี', 'นครสวรรค์', 'รับราชการ', 'ไม่มี', '', 'เดินได้ปกติ', 'ไม่มี', 73),
(74, 'หญิง', '50 - 60 ปี', 'นครสวรรค์', 'รับราชการ', 'มี', 'เบาหวาน', 'เดินได้ปกติ', 'มี', 74),
(75, 'หญิง', '50 - 60 ปี', 'นครสวรรค์', 'รับราชการ', 'มี', 'ไขมันในเลือด', 'เดินได้ปกติ', 'มี', 75),
(76, 'หญิง', '50 - 60 ปี', 'เพชรบูรณ์', 'ค้าขาย', 'ไม่มี', '', 'เดินได้ปกติ', 'ไม่มี', 76),
(77, 'หญิง', '50 - 60 ปี', 'กรุงเทพมหานคร', 'รับราชการ', 'ไม่มี', '', 'เดินได้ปกติ', 'มี', 77),
(78, 'หญิง', '50 - 60 ปี', 'เพชรบูรณ์', 'เกษตรกรรม', 'ไม่มี', '', 'เดินได้ปกติ', 'ไม่มี', 78),
(79, 'ชาย', '50 - 60 ปี', 'เพชรบูรณ์', 'เกษตรกรรม', 'ไม่มี', '', 'เดินได้ปกติ', 'มี', 79),
(80, 'หญิง', '50 - 60 ปี', 'นครสวรรค์', 'ธุรกิจส่วนตัว', 'มี', 'ความดันโลหิต, จอประสาทตาเสื่อม', 'เดินได้ปกติ', 'ไม่มี', 80),
(81, 'ชาย', '60 - 70 ปี', 'เชียงใหม่', 'รับราชการ', 'ไม่มี', '', 'เดินได้ปกติ', 'มี', 81),
(82, 'ชาย', '60 - 70 ปี', 'พิจิตร', 'ค้าขาย', 'มี', 'เบาหวาน', 'เดินได้ปกติ', 'ไม่มี', 82),
(83, 'หญิง', '50 - 60 ปี', 'เชียงใหม่', 'รับราชการ', 'ไม่มี', '', 'เดินได้ปกติ', 'มี', 83),
(84, 'หญิง', '50 - 60 ปี', 'กรุงเทพมหานคร', 'ธุรกิจส่วนตัว', 'มี', 'ข้อเข่าเสื่อม', 'เดินได้ปกติ', 'มี', 84),
(85, 'ชาย', '50 - 60 ปี', 'นครสวรรค์', 'เกษตรกรรม', 'ไม่มี', '', 'เดินได้ปกติ', 'มี', 85),
(86, 'ชาย', '60 - 70 ปี', 'สุโขทัย', 'ธุรกิจส่วนตัว', 'ไม่มี', '', 'เดินได้ปกติ', 'ไม่มี', 86),
(87, 'ชาย', '50 - 60 ปี', 'เชียงใหม่', 'รับราชการ', 'ไม่มี', '', 'เดินได้ปกติ', 'มี', 87),
(88, 'หญิง', '60 - 70 ปี', 'สุโขทัย', 'รับจ้างทั่วไป', 'ไม่มี', '', 'เดินได้ปกติ', 'มี', 88),
(89, 'ชาย', '50 - 60 ปี', 'กำแพงเพชร', 'ค้าขาย', 'มี', 'ความดันโลหิต', 'เดินได้ปกติ', 'มี', 89),
(90, 'หญิง', '70 ปีขึ้นไป', 'เชียงใหม่', 'ค้าขาย', 'ไม่มี', '', 'เดินได้เล็กน้อย/ใช้ไม้เท้า', 'ไม่มี', 90),
(91, 'หญิง', '50 - 60 ปี', 'นครสวรรค์', 'ค้าขาย', 'ไม่มี', 'ความดันโลหิต', 'เดินได้ปกติ', 'มี', 91),
(92, 'หญิง', '50 - 60 ปี', 'กรุงเทพมหานคร', 'รับราชการ', 'ไม่มี', '', 'เดินได้ปกติ', 'มี', 92),
(93, 'หญิง', '50 - 60 ปี', 'สุโขทัย', 'แม่บ้าน', 'ไม่มี', '', 'เดินได้ปกติ', 'มี', 93),
(94, 'ชาย', '50 - 60 ปี', 'กรุงเทพมหานคร', 'ธุรกิจส่วนตัว', 'ไม่มี', '', 'เดินได้ปกติ', 'มี', 94),
(95, 'หญิง', '70 ปีขึ้นไป', 'สุโขทัย', 'เกษตรกรรม', 'มี', 'โรคหัวใจ', 'เดินได้เล็กน้อย/ใช้ไม้เท้า', 'ไม่มี', 95),
(96, 'หญิง', '50 - 60 ปี', 'พิษณุโลก', 'ธุรกิจส่วนตัว', 'ไม่มี', 'ความดันโลหิต, ข้อเข่าเสื่อม', 'เดินได้ปกติ', 'มี', 96),
(97, 'หญิง', '50 - 60 ปี', 'นครสวรรค์', 'รับราชการ', 'ไม่มี', '', 'เดินได้ปกติ', 'มี', 97),
(98, 'ชาย', '50 - 60 ปี', 'เชียงราย', 'รับจ้างทั่วไป', 'มี', 'ความดันโลหิต', 'เดินได้ปกติ', 'มี', 98),
(99, 'หญิง', '60 - 70 ปี', 'เพชรบูรณ์', 'รับราชการ', 'ไม่มี', '', 'เดินได้ปกติ', 'มี', 99),
(100, 'ชาย', '60 - 70 ปี', 'เชียงใหม่', 'รับราชการ', 'ไม่มี', '', 'เดินได้ปกติ', 'มี', 100),
(101, 'ชาย', '60 - 70 ปี', 'เชียงใหม่', 'ธุรกิจส่วนตัว', 'มี', 'ความดันโลหิต', 'เดินได้ปกติ', 'มี', 101),
(102, 'หญิง', '70 ปีขึ้นไป', 'เชียงราย', 'อื่นๆ', 'มี', 'เบาหวาน, ความดันโลหิต', 'เดินได้เล็กน้อย/ใช้ไม้เท้า', 'ไม่มี', 102),
(103, 'หญิง', '50 - 60 ปี', 'เพชรบูรณ์', 'อื่นๆ', 'ไม่มี', '', 'เดินได้ปกติ', 'มี', 103),
(104, 'หญิง', '50 - 60 ปี', 'พิษณุโลก', 'ธุรกิจส่วนตัว', 'มี', 'เบาหวาน', 'เดินได้ปกติ', 'มี', 104),
(105, 'หญิง', '50 - 60 ปี', 'พิจิตร', 'รับราชการ', 'มี', 'เบาหวาน, ความดันโลหิต', 'เดินได้ปกติ', 'ไม่มี', 105),
(106, 'หญิง', '70 ปีขึ้นไป', 'กรุงเทพมหานคร', 'ค้าขาย', 'มี', 'โรคหัวใจ', 'เดินได้ปกติ', 'ไม่มี', 106),
(107, 'ชาย', '50 - 60 ปี', 'พิษณุโลก', 'ค้าขาย', 'ไม่มี', '', 'เดินได้ปกติ', 'ไม่มี', 107),
(108, 'หญิง', '50 - 60 ปี', 'เพชรบูรณ์', 'ธุรกิจส่วนตัว', 'มี', 'เบาหวาน, ความดันโลหิต', 'เดินได้เล็กน้อย/ใช้ไม้เท้า', 'มี', 108),
(109, 'หญิง', '50 - 60 ปี', 'พิจิตร', 'ธุรกิจส่วนตัว', 'ไม่มี', '', 'เดินได้ปกติ', 'มี', 109),
(110, 'หญิง', '50 - 60 ปี', 'เพชรบูรณ์', 'รับจ้างทั่วไป', 'ไม่มี', '', 'เดินได้ปกติ', 'มี', 110),
(111, 'หญิง', '50 - 60 ปี', 'พิจิตร', 'ค้าขาย', 'ไม่มี', '', 'เดินได้ปกติ', 'มี', 111),
(112, 'หญิง', '50 - 60 ปี', 'พิษณุโลก', 'เกษตรกรรม', 'ไม่มี', '', 'เดินได้ปกติ', 'มี', 112),
(113, 'ชาย', '60 - 70 ปี', 'เพชรบูรณ์', 'เกษตรกรรม', 'ไม่มี', '', 'เดินได้ปกติ', 'มี', 113),
(114, 'หญิง', '70 ปีขึ้นไป', 'เพชรบูรณ์', 'รับราชการ', 'มี', 'ความดันโลหิต', 'เดินได้ปกติ', 'มี', 114),
(115, 'หญิง', '50 - 60 ปี', 'เชียงใหม่', 'ธุรกิจส่วนตัว', 'ไม่มี', '', 'เดินได้ปกติ', 'มี', 115),
(116, 'หญิง', '60 - 70 ปี', 'พิษณุโลก', 'เกษตรกรรม', 'มี', 'จอประสาทตาเสื่อม', 'เดินได้ปกติ', 'ไม่มี', 116),
(117, 'ชาย', '50 - 60 ปี', 'ตาก', 'อื่นๆ', 'ไม่มี', '', 'เดินได้ปกติ', 'ไม่มี', 117),
(118, 'หญิง', '60 - 70 ปี', 'กำแพงเพชร', 'ค้าขาย', 'มี', 'ความดันโลหิต, ข้อเข่าเสื่อม', 'เดินได้ปกติ', 'ไม่มี', 118),
(119, 'หญิง', '50 - 60 ปี', 'เพชรบูรณ์', 'รับจ้างทั่วไป', 'ไม่มี', '', 'เดินได้ปกติ', 'มี', 119),
(120, 'หญิง', '50 - 60 ปี', 'พิษณุโลก', 'แม่บ้าน', 'ไม่มี', 'ความดันโลหิต', 'เดินได้ปกติ', 'ไม่มี', 120),
(121, 'หญิง', '50 - 60 ปี', 'พิษณุโลก', 'แม่บ้าน', 'ไม่มี', 'ความดันโลหิต', 'เดินได้ปกติ', 'ไม่มี', 121),
(122, 'หญิง', '50 - 60 ปี', 'พิษณุโลก', 'แม่บ้าน', 'ไม่มี', 'ความดันโลหิต', 'เดินได้ปกติ', 'ไม่มี', 122),
(123, 'หญิง', '60 - 70 ปี', 'เพชรบูรณ์', 'เกษตรกรรม', 'มี', 'เบาหวาน', 'เดินได้ปกติ', 'ไม่มี', 123),
(124, 'หญิง', '70 ปีขึ้นไป', 'นครสวรรค์', 'เกษตรกรรม', 'มี', 'เบาหวาน', 'เดินได้ปกติ', 'ไม่มี', 124),
(125, 'หญิง', '50 - 60 ปี', 'พิษณุโลก', 'เกษตรกรรม', 'มี', 'เบาหวาน', 'เดินได้เล็กน้อย/ใช้ไม้เท้า', 'มี', 125),
(126, 'ชาย', '50 - 60 ปี', 'พิจิตร', 'เกษตรกรรม', 'ไม่มี', '', 'เดินได้ปกติ', 'ไม่มี', 126),
(127, 'หญิง', '60 - 70 ปี', 'กรุงเทพมหานคร', 'ค้าขาย', 'ไม่มี', '', 'เดินได้ปกติ', 'ไม่มี', 127),
(128, 'ชาย', '50 - 60 ปี', 'กำแพงเพชร', 'รับราชการ', 'มี', 'โรคหัวใจ', 'เดินได้ปกติ', 'มี', 128),
(129, 'ชาย', '60 - 70 ปี', 'พิจิตร', 'เกษตรกรรม', 'มี', 'ความดันโลหิต', 'เดินได้ปกติ', 'ไม่มี', 129),
(130, 'ชาย', '60 - 70 ปี', 'พิษณุโลก', 'เกษตรกรรม', 'ไม่มี', '', 'เดินได้ปกติ', 'ไม่มี', 130),
(131, 'หญิง', '50 - 60 ปี', 'พิษณุโลก', 'อื่นๆ', 'ไม่มี', '', 'เดินได้ปกติ', 'มี', 131),
(132, 'หญิง', '50 - 60 ปี', 'กำแพงเพชร', 'แม่บ้าน', 'ไม่มี', '', 'เดินได้ปกติ', 'ไม่มี', 132),
(133, 'หญิง', '60 - 70 ปี', 'พิษณุโลก', 'อื่นๆ', 'ไม่มี', '', 'เดินได้ปกติ', 'มี', 133),
(134, 'ชาย', '60 - 70 ปี', 'กรุงเทพมหานคร', 'พนักงานบริษัท', 'มี', 'ความดันโลหิต', 'เดินได้ปกติ', 'มี', 134),
(135, 'หญิง', '50 - 60 ปี', 'กรุงเทพมหานคร', 'ธุรกิจส่วนตัว', 'ไม่มี', '', 'เดินได้ปกติ', 'มี', 135),
(136, 'ชาย', '50 - 60 ปี', 'พิจิตร', 'พนักงานบริษัท', 'มี', 'จอประสาทตาเสื่อม', 'เดินได้ปกติ', 'มี', 136),
(137, 'ชาย', '50 - 60 ปี', 'กำแพงเพชร', 'เกษตรกรรม', 'ไม่มี', '', 'เดินได้ปกติ', 'ไม่มี', 137),
(138, 'หญิง', '60 - 70 ปี', 'เพชรบูรณ์', 'ค้าขาย', 'มี', 'โรคกรดในกระเพาะ', 'เดินได้ปกติ', 'ไม่มี', 138),
(139, 'หญิง', '50 - 60 ปี', 'เพชรบูรณ์', 'เกษตรกรรม', 'ไม่มี', 'เบาหวาน', 'เดินได้ปกติ', 'มี', 139),
(140, 'หญิง', '50 - 60 ปี', 'กำแพงเพชร', 'รับราชการ', 'มี', 'ข้อเข่าเสื่อม, จอประสาทตาเสื่อม', 'เดินได้ปกติ', 'ไม่มี', 140),
(141, 'หญิง', '50 - 60 ปี', 'กรุงเทพมหานคร', 'ธุรกิจส่วนตัว', 'ไม่มี', '', 'เดินได้ปกติ', 'มี', 141),
(142, 'หญิง', '70 ปีขึ้นไป', 'พิษณุโลก', 'ธุรกิจส่วนตัว', 'มี', 'เบาหวาน, ความดันโลหิต', 'เดินได้ปกติ', 'มี', 142),
(143, 'หญิง', '70 ปีขึ้นไป', 'กรุงเทพมหานคร', 'เกษตรกรรม', 'มี', 'โรคหัวใจ, เบาหวาน, ความดันโลหิต, ข้อเข่าเสื่อม, จอประสาทตาเสื่อม', 'เดินได้เล็กน้อย/ใช้ไม้เท้า', 'ไม่มี', 143),
(144, 'หญิง', '50 - 60 ปี', 'กรุงเทพมหานคร', 'พนักงานบริษัท', 'ไม่มี', '', 'เดินได้ปกติ', 'มี', 144),
(145, 'หญิง', '50 - 60 ปี', 'พิจิตร', 'เกษตรกรรม', 'มี', 'ความดันโลหิต, ข้อเข่าเสื่อม', 'เดินได้ปกติ', 'ไม่มี', 145),
(146, 'หญิง', '60 - 70 ปี', 'พิษณุโลก', 'ค้าขาย', 'มี', 'เบาหวาน', 'เดินได้ปกติ', 'ไม่มี', 146),
(147, 'หญิง', '70 ปีขึ้นไป', 'สุโขทัย', 'ธุรกิจส่วนตัว', 'มี', 'เบาหวาน', 'เดินได้ปกติ', 'ไม่มี', 147),
(148, 'หญิง', '70 ปีขึ้นไป', 'สุโขทัย', 'แม่บ้าน', 'มี', 'ความดันโลหิต', 'เดินได้ปกติ', 'ไม่มี', 148),
(149, 'ชาย', '50 - 60 ปี', 'พิจิตร', 'ค้าขาย', 'ไม่มี', '', 'เดินได้ปกติ', 'ไม่มี', 149),
(150, 'ชาย', '50 - 60 ปี', 'พิษณุโลก', 'ค้าขาย', 'มี', 'ข้อเข่าเสื่อม', 'เดินได้ปกติ', 'มี', 150);

-- --------------------------------------------------------

--
-- Table structure for table `data_phetchabun`
--

CREATE TABLE `data_phetchabun` (
  `id_phetchabun` int(5) NOT NULL,
  `tourism` text COLLATE utf8_unicode_ci NOT NULL,
  `travel_form` text COLLATE utf8_unicode_ci,
  `vehicle` text COLLATE utf8_unicode_ci,
  `travel_time` text COLLATE utf8_unicode_ci,
  `camp` text COLLATE utf8_unicode_ci,
  `charges` text COLLATE utf8_unicode_ci,
  `score_WatPhaKaenKaew` varchar(20) COLLATE utf8_unicode_ci DEFAULT NULL,
  `score_KhaoKhoPalace` varchar(20) COLLATE utf8_unicode_ci DEFAULT NULL,
  `score_JadeeKhaoKho` varchar(20) COLLATE utf8_unicode_ci DEFAULT NULL,
  `score_PhoKhunPhaMuang` varchar(20) COLLATE utf8_unicode_ci DEFAULT NULL,
  `score_ThungSalaengLuang` varchar(20) COLLATE utf8_unicode_ci DEFAULT NULL,
  `score_KhaoKho` varchar(20) COLLATE utf8_unicode_ci DEFAULT NULL,
  `score_PhuTubberk` varchar(20) COLLATE utf8_unicode_ci DEFAULT NULL,
  `score_RaiKunnanChul` varchar(20) COLLATE utf8_unicode_ci DEFAULT NULL,
  `score_BNFarm` varchar(20) COLLATE utf8_unicode_ci DEFAULT NULL,
  `score_PhuKaewAdven` varchar(20) COLLATE utf8_unicode_ci DEFAULT NULL,
  `facilities_WatPhaKaenKaew` text COLLATE utf8_unicode_ci,
  `facilities_KhaoKhoPalace` text COLLATE utf8_unicode_ci,
  `facilities_JadeeKhaoKho` text COLLATE utf8_unicode_ci,
  `facilities_PhoKhunPhaMuang` text COLLATE utf8_unicode_ci,
  `facilities_ThungSalaengLuan` text COLLATE utf8_unicode_ci,
  `facilities_KhaoKho` text COLLATE utf8_unicode_ci,
  `facilities_PhuTubberk` text COLLATE utf8_unicode_ci,
  `facilities_RaiKunnanChul` text COLLATE utf8_unicode_ci,
  `facilities_BNFarm` text COLLATE utf8_unicode_ci,
  `facilities_PhuKaewAdven` text COLLATE utf8_unicode_ci,
  `id_chiangmai` int(5) DEFAULT NULL
) ENGINE=InnoDB DEFAULT CHARSET=utf8 COLLATE=utf8_unicode_ci;

--
-- Dumping data for table `data_phetchabun`
--

INSERT INTO `data_phetchabun` (`id_phetchabun`, `tourism`, `travel_form`, `vehicle`, `travel_time`, `camp`, `charges`, `score_WatPhaKaenKaew`, `score_KhaoKhoPalace`, `score_JadeeKhaoKho`, `score_PhoKhunPhaMuang`, `score_ThungSalaengLuang`, `score_KhaoKho`, `score_PhuTubberk`, `score_RaiKunnanChul`, `score_BNFarm`, `score_PhuKaewAdven`, `facilities_WatPhaKaenKaew`, `facilities_KhaoKhoPalace`, `facilities_JadeeKhaoKho`, `facilities_PhoKhunPhaMuang`, `facilities_ThungSalaengLuan`, `facilities_KhaoKho`, `facilities_PhuTubberk`, `facilities_RaiKunnanChul`, `facilities_BNFarm`, `facilities_PhuKaewAdven`, `id_chiangmai`) VALUES
(1, '1', 'ครอบครัว', 'รถส่วนตัว', '2 - 3 วัน', 'รีสอร์ท', '3,000 – 5,000 บาท', '3', '3', '3', '3', '3', '4', '3', '3', '4', '3', 'ที่จอดรถผู้สูงอายุ, ที่นั่งพัก', 'ที่นั่งพัก', 'ที่นั่งพัก', 'ที่จอดรถผู้สูงอายุ, ที่นั่งพัก', 'ที่จอดรถผู้สูงอายุ', 'ที่จอดรถผู้สูงอายุ', 'ที่นั่งพัก', 'ที่จอดรถผู้สูงอายุ', 'ที่จอดรถผู้สูงอายุ', 'ที่จอดรถผู้สูงอายุ', 1),
(2, '0', '', '', '', '', '', '', '', '', '', '', '', '', '', '', '', '', '', '', '', '', '', '', '', '', '', 2),
(3, '0', '', '', '', '', '', '', '', '', '', '', '', '', '', '', '', '', '', '', '', '', '', '', '', '', '', 3),
(4, '0', '', '', '', '', '', '', '', '', '', '', '', '', '', '', '', '', '', '', '', '', '', '', '', '', '', 4),
(5, '1', 'ครอบครัว', 'รถส่วนตัว', '2 - 3 วัน', 'โรงแรม', 'มากกว่า 5,000 บาท', '5', '5', '5', '5', '5', '5', '5', '5', '5', '5', 'ที่นั่งพัก', 'ที่นั่งพัก', 'ที่นั่งพัก', 'ที่นั่งพัก', 'ที่นั่งพัก', 'ที่นั่งพัก', 'ที่นั่งพัก', 'ที่นั่งพัก', 'ที่นั่งพัก', 'ที่นั่งพัก', 5),
(6, '1', 'ครอบครัว', 'รถส่วนตัว', '1 วัน', 'บ้านตนเอง', '1,000 - 3,000 บาท', '5', '4', '4', '4', '4', '4', '4', '4', '3', '4', 'อื่นๆ', 'ที่นั่งพัก', 'ที่จอดรถผู้สูงอายุ', 'ที่จอดรถผู้สูงอายุ', 'ที่นั่งพัก', 'อื่นๆ', 'อื่นๆ', 'ที่จอดรถผู้สูงอายุ', 'ที่จอดรถผู้สูงอายุ', 'อื่นๆ', 6),
(7, '1', 'ครอบครัว', 'รถประจำทาง', '2 - 3 วัน', 'โรงแรม', '1,000 - 3,000 บาท', '5', '5', '5', '5', '5', '5', '5', '5', '5', '5', 'ที่นั่งพัก', 'ที่นั่งพัก', 'ที่นั่งพัก', 'ที่นั่งพัก', 'ที่นั่งพัก', 'ที่นั่งพัก', 'ที่นั่งพัก', 'ที่นั่งพัก', 'ที่นั่งพัก', 'ที่นั่งพัก', 7),
(8, '1', 'ครอบครัว', 'รถส่วนตัว', '1 วัน', 'บ้านตนเอง', 'น้อยกว่า 1,000 บาท', '5', '3', '3', '5', '4', '5', '5', '3', '3', '3', 'พื้นราบสำหรับรถเข็น', '', '', 'ที่จอดรถผู้สูงอายุ', '', '', '', '', '', '', 8),
(9, '1', 'ครอบครัว', 'รถส่วนตัว', '2 - 3 วัน', 'รีสอร์ท', '3,000 – 5,000 บาท', '3', '3', '3', '3', '3', '3', '3', '3', '3', '3', 'ที่นั่งพัก', 'ที่นั่งพัก', 'ที่นั่งพัก', 'ที่นั่งพัก', 'ที่นั่งพัก', 'ที่นั่งพัก', 'ที่นั่งพัก', 'ที่นั่งพัก', 'ที่นั่งพัก', 'ที่นั่งพัก', 9),
(10, '1', 'ครอบครัว', 'รถส่วนตัว', '2 - 3 วัน', 'บ้านตนเอง', '3,000 – 5,000 บาท', '4', '3', '2', '2', '2', '2', '2', '1', '1', '1', 'ที่นั่งพัก', 'ที่นั่งพัก', 'ที่นั่งพัก', 'ที่นั่งพัก', 'สุขาผู้สูงอายุ/ผู้พิการ', 'สุขาผู้สูงอายุ/ผู้พิการ', 'ที่นั่งพัก', 'สุขาผู้สูงอายุ/ผู้พิการ', 'สุขาผู้สูงอายุ/ผู้พิการ', 'สุขาผู้สูงอายุ/ผู้พิการ', 10),
(11, '1', 'ครอบครัว', 'รถส่วนตัว', '1 วัน', 'บ้านตนเอง', '1,000 - 3,000 บาท', '5', '5', '4', '5', '5', '5', '3', '3', '3', '4', 'ที่นั่งพัก', 'ที่นั่งพัก', 'ที่นั่งพัก', 'ที่นั่งพัก', 'ที่นั่งพัก', 'ที่นั่งพัก', 'ที่นั่งพัก', 'ที่นั่งพัก', 'ที่นั่งพัก', 'ที่นั่งพัก', 11),
(12, '1', 'ครอบครัว', 'รถส่วนตัว', '1 วัน', 'บ้านตนเอง', '1,000 - 3,000 บาท', '3', '4', '5', '4', '3', '3', '3', '3', '3', '3', 'ที่นั่งพัก', '', '', '', '', '', '', '', '', '', 12),
(13, '1', 'ครอบครัว', 'รถส่วนตัว', '2 - 3 วัน', 'รีสอร์ท', 'มากกว่า 5,000 บาท', '5', '3', '5', '4', '3', '5', '5', '4', '3', '3', 'ที่จอดรถผู้สูงอายุ', 'พื้นราบสำหรับรถเข็น', 'สุขาผู้สูงอายุ/ผู้พิการ', 'สุขาผู้สูงอายุ/ผู้พิการ', 'พื้นราบสำหรับรถเข็น', 'พื้นราบสำหรับรถเข็น', 'ที่จอดรถผู้สูงอายุ', 'ที่จอดรถผู้สูงอายุ', 'พื้นราบสำหรับรถเข็น', 'พื้นราบสำหรับรถเข็น', 13),
(14, '1', 'ครอบครัว', 'รถส่วนตัว', '2 - 3 วัน', 'บ้านตนเอง', 'น้อยกว่า 1,000 บาท', '5', '5', '5', '5', '3', '2', '5', '2', '2', '2', 'สุขาผู้สูงอายุ/ผู้พิการ', 'ที่นั่งพัก', 'ที่จอดรถผู้สูงอายุ', 'สุขาผู้สูงอายุ/ผู้พิการ', 'ที่จอดรถผู้สูงอายุ', 'ที่นั่งพัก, สุขาผู้สูงอายุ/ผู้พิการ', 'ที่นั่งพัก', 'สุขาผู้สูงอายุ/ผู้พิการ', 'ที่นั่งพัก', 'สุขาผู้สูงอายุ/ผู้พิการ', 14),
(15, '1', 'ครอบครัว', 'รถส่วนตัว', '1 วัน', 'บ้านญาติ', 'น้อยกว่า 1,000 บาท', '5', '5', '5', '5', '5', '5', '5', '5', '5', '5', 'ที่จอดรถผู้สูงอายุ, สุขาผู้สูงอายุ/ผู้พิการ', 'ที่จอดรถผู้สูงอายุ', 'ที่จอดรถผู้สูงอายุ', 'ที่จอดรถผู้สูงอายุ', 'ที่จอดรถผู้สูงอายุ', 'ที่จอดรถผู้สูงอายุ', 'ที่จอดรถผู้สูงอายุ', 'ที่จอดรถผู้สูงอายุ', 'ที่จอดรถผู้สูงอายุ', 'ที่จอดรถผู้สูงอายุ', 15),
(16, '1', 'ครอบครัว', 'รถส่วนตัว', '1 วัน', 'บ้านญาติ', '1,000 - 3,000 บาท', '4', '4', '3', '4', '4', '4', '3', '4', '4', '4', 'ที่นั่งพัก', 'ที่นั่งพัก', 'ที่นั่งพัก', 'ที่นั่งพัก', 'ที่นั่งพัก', 'ที่นั่งพัก', 'ที่นั่งพัก', 'ที่นั่งพัก', 'ที่นั่งพัก', 'ที่นั่งพัก', 16),
(17, '1', 'ครอบครัว', 'รถส่วนตัว', '2 - 3 วัน', 'รีสอร์ท', 'มากกว่า 5,000 บาท', '5', '4', '4', '3', '3', '5', '4', '3', '3', '3', 'ที่นั่งพัก', 'ที่นั่งพัก', 'ที่นั่งพัก', 'ที่นั่งพัก', 'ที่นั่งพัก', 'ที่นั่งพัก', 'ที่นั่งพัก', 'ที่นั่งพัก', 'ที่นั่งพัก', 'ที่นั่งพัก', 17),
(18, '1', 'ครอบครัว', 'รถส่วนตัว', '2 - 3 วัน', 'รีสอร์ท', '1,000 - 3,000 บาท', '5', '5', '5', '5', '5', '5', '5', '4', '4', '5', 'ที่นั่งพัก', 'ที่นั่งพัก', 'ที่นั่งพัก', 'ที่นั่งพัก', 'ที่นั่งพัก', 'ที่นั่งพัก', 'ที่นั่งพัก', 'ที่นั่งพัก', 'ที่จอดรถผู้สูงอายุ', 'ที่นั่งพัก', 18),
(19, '1', 'ครอบครัว', 'รถส่วนตัว', '2 - 3 วัน', 'บ้านญาติ', '1,000 - 3,000 บาท', '5', '5', '5', '5', '5', '5', '5', '4', '4', '4', 'ที่นั่งพัก', 'ที่นั่งพัก', 'ที่นั่งพัก', 'ที่นั่งพัก', 'ที่นั่งพัก', 'ที่นั่งพัก', 'ที่นั่งพัก', 'ที่นั่งพัก', 'ที่นั่งพัก', 'ที่นั่งพัก', 19),
(20, '1', 'ครอบครัว', 'รถส่วนตัว', '6 – 7 วัน', 'รีสอร์ท', '1,000 - 3,000 บาท', '5', '5', '5', '5', '5', '5', '5', '5', '5', '5', 'พื้นราบสำหรับรถเข็น', 'พื้นราบสำหรับรถเข็น', 'พื้นราบสำหรับรถเข็น', 'พื้นราบสำหรับรถเข็น', 'พื้นราบสำหรับรถเข็น', 'พื้นราบสำหรับรถเข็น', 'พื้นราบสำหรับรถเข็น', 'พื้นราบสำหรับรถเข็น', 'พื้นราบสำหรับรถเข็น', 'พื้นราบสำหรับรถเข็น', 20),
(21, '1', 'ครอบครัว', 'รถประจำทาง', '2 - 3 วัน', 'บ้านญาติ', 'น้อยกว่า 1,000 บาท', '4', '4', '3', '3', '3', '5', '4', '3', '3', '3', 'ที่นั่งพัก', 'ที่นั่งพัก', 'ที่นั่งพัก', 'ที่นั่งพัก', 'ที่นั่งพัก', 'ที่นั่งพัก', 'ที่นั่งพัก', 'ที่นั่งพัก', 'ที่นั่งพัก', 'ที่นั่งพัก', 21),
(22, '1', 'ประชุมสัมนา', 'รถส่วนตัว', '2 - 3 วัน', 'รีสอร์ท', '1,000 - 3,000 บาท', '4', '4', '4', '4', '4', '5', '4', '5', '3', '3', 'อื่นๆ', 'อื่นๆ', 'อื่นๆ', 'อื่นๆ', 'อื่นๆ', 'อื่นๆ', 'อื่นๆ', 'อื่นๆ', 'อื่นๆ', 'อื่นๆ', 22),
(23, '1', 'ครอบครัว', 'รถส่วนตัว', '2 - 3 วัน', 'โรงแรม', 'มากกว่า 5,000 บาท', '5', '5', '5', '5', '5', '5', '5', '5', '5', '5', 'ที่นั่งพัก', 'ที่นั่งพัก', 'ที่นั่งพัก', 'ที่นั่งพัก', 'ที่นั่งพัก', 'ที่นั่งพัก', 'ที่นั่งพัก', 'ที่นั่งพัก', 'ที่นั่งพัก', 'ที่นั่งพัก', 23),
(24, '1', 'ครอบครัว', 'รถส่วนตัว', '1 วัน', 'โรงแรม', '3,000 – 5,000 บาท', '3', '5', '5', '5', '5', '5', '5', '5', '4', '3', 'ที่นั่งพัก', 'ที่นั่งพัก', 'ที่นั่งพัก', 'ที่นั่งพัก', 'ที่จอดรถผู้สูงอายุ', 'ที่จอดรถผู้สูงอายุ', 'ที่จอดรถผู้สูงอายุ', 'พื้นราบสำหรับรถเข็น', 'ที่นั่งพัก', 'ที่นั่งพัก', 24),
(25, '1', 'ครอบครัว', 'รถส่วนตัว', '2 - 3 วัน', 'รีสอร์ท', '1,000 - 3,000 บาท', '4', '4', '3', '3', '4', '3', '3', '4', '4', '4', 'ที่จอดรถผู้สูงอายุ, สุขาผู้สูงอายุ/ผู้พิการ', 'ที่จอดรถผู้สูงอายุ, สุขาผู้สูงอายุ/ผู้พิการ', 'ที่จอดรถผู้สูงอายุ, สุขาผู้สูงอายุ/ผู้พิการ', 'ที่จอดรถผู้สูงอายุ, สุขาผู้สูงอายุ/ผู้พิการ', 'ที่จอดรถผู้สูงอายุ, ที่นั่งพัก, สุขาผู้สูงอายุ/ผู้พิการ', 'ที่จอดรถผู้สูงอายุ, ที่นั่งพัก, สุขาผู้สูงอายุ/ผู้พิการ', 'ที่จอดรถผู้สูงอายุ, ที่นั่งพัก, สุขาผู้สูงอายุ/ผู้พิการ', 'ที่จอดรถผู้สูงอายุ, ที่นั่งพัก, สุขาผู้สูงอายุ/ผู้พิการ', 'ที่จอดรถผู้สูงอายุ, ที่นั่งพัก, สุขาผู้สูงอายุ/ผู้พิการ', 'ที่จอดรถผู้สูงอายุ, สุขาผู้สูงอายุ/ผู้พิการ', 25),
(26, '1', 'ครอบครัว', 'รถส่วนตัว', '2 - 3 วัน', 'บ้านญาติ', '1,000 - 3,000 บาท', '3', '4', '3', '5', '4', '5', '3', '4', '3', '3', '', '', '', 'ที่นั่งพัก', '', 'ที่นั่งพัก', '', '', '', '', 26),
(27, '1', 'ครอบครัว', 'รถส่วนตัว', '2 - 3 วัน', 'รีสอร์ท', 'มากกว่า 5,000 บาท', '4', '4', '4', '4', '5', '5', '5', '5', '5', '5', 'พื้นราบสำหรับรถเข็น', 'พื้นราบสำหรับรถเข็น', 'พื้นราบสำหรับรถเข็น', 'พื้นราบสำหรับรถเข็น', 'พื้นราบสำหรับรถเข็น', 'พื้นราบสำหรับรถเข็น', 'พื้นราบสำหรับรถเข็น', 'พื้นราบสำหรับรถเข็น', 'พื้นราบสำหรับรถเข็น', 'พื้นราบสำหรับรถเข็น', 27),
(28, '1', 'ครอบครัว', 'รถส่วนตัว', '2 - 3 วัน', 'รีสอร์ท', '3,000 – 5,000 บาท', '5', '5', '5', '5', '5', '5', '5', '5', '5', '5', 'พื้นราบสำหรับรถเข็น', 'พื้นราบสำหรับรถเข็น', 'พื้นราบสำหรับรถเข็น', 'พื้นราบสำหรับรถเข็น', 'พื้นราบสำหรับรถเข็น', 'พื้นราบสำหรับรถเข็น', 'พื้นราบสำหรับรถเข็น', 'พื้นราบสำหรับรถเข็น', 'พื้นราบสำหรับรถเข็น, ที่นั่งพัก', 'พื้นราบสำหรับรถเข็น', 28),
(29, '1', 'ครอบครัว', 'รถส่วนตัว', '1 - 2 อาทิตย์', 'บ้านตนเอง', 'น้อยกว่า 1,000 บาท', '5', '5', '5', '5', '5', '5', '3', '3', '3', '3', 'ที่จอดรถผู้สูงอายุ', 'ที่จอดรถผู้สูงอายุ', 'ที่จอดรถผู้สูงอายุ', 'ที่นั่งพัก', 'ที่นั่งพัก', 'ที่นั่งพัก', 'ที่นั่งพัก', 'ที่นั่งพัก', 'ที่นั่งพัก', 'ที่นั่งพัก', 29),
(30, '0', '', '', '', '', '', '', '', '', '', '', '', '', '', '', '', '', '', '', '', '', '', '', '', '', '', 30),
(31, '1', 'ครอบครัว', 'รถส่วนตัว', '1 วัน', 'บ้านตนเอง', 'มากกว่า 5,000 บาท', '5', '5', '5', '5', '5', '5', '5', '5', '5', '5', 'พื้นราบสำหรับรถเข็น', 'ที่นั่งพัก', 'ที่นั่งพัก', 'ที่นั่งพัก', 'ที่นั่งพัก', 'ที่นั่งพัก', 'ที่นั่งพัก', 'ที่นั่งพัก', 'ที่นั่งพัก', 'ที่นั่งพัก', 31),
(32, '0', '', '', '', '', '', '', '', '', '', '', '', '', '', '', '', '', '', '', '', '', '', '', '', '', '', 32),
(33, '0', '', '', '', '', '', '', '', '', '', '', '', '', '', '', '', '', '', '', '', '', '', '', '', '', '', 33),
(34, '0', '', '', '', '', '', '', '', '', '', '', '', '', '', '', '', '', '', '', '', '', '', '', '', '', '', 34),
(35, '1', 'กลุ่มผู้สูงอายุ', 'รถประจำทาง', '2 - 3 วัน', 'โรงแรม', '3,000 – 5,000 บาท', '5', '4', '5', '5', '5', '5', '5', '4', '4', '5', 'ที่จอดรถผู้สูงอายุ', 'ที่นั่งพัก', 'ที่นั่งพัก', 'ที่นั่งพัก', 'ที่นั่งพัก', 'ที่นั่งพัก', 'ที่นั่งพัก', 'ที่นั่งพัก', 'ที่นั่งพัก', 'ที่นั่งพัก', 35),
(36, '1', 'ครอบครัว', 'รถส่วนตัว', '1 วัน', 'รีสอร์ท', '1,000 - 3,000 บาท', '5', '5', '5', '5', '5', '5', '3', '3', '3', '3', 'ที่จอดรถผู้สูงอายุ', 'ที่จอดรถผู้สูงอายุ', 'ที่จอดรถผู้สูงอายุ', 'ที่นั่งพัก', 'ที่นั่งพัก', 'ที่นั่งพัก', 'ที่นั่งพัก', 'ที่นั่งพัก', 'ที่นั่งพัก', 'ที่นั่งพัก', 36),
(37, '1', 'ครอบครัว', 'รถส่วนตัว', '4 – 5 วัน', 'บ้านญาติ', '3,000 – 5,000 บาท', '3', '1', '2', '3', '4', '3', '4', '2', '2', '2', 'ที่นั่งพัก', 'ที่นั่งพัก', 'ที่นั่งพัก', 'ที่จอดรถผู้สูงอายุ', 'ที่นั่งพัก', 'สุขาผู้สูงอายุ/ผู้พิการ', 'สุขาผู้สูงอายุ/ผู้พิการ', 'สุขาผู้สูงอายุ/ผู้พิการ', 'ที่นั่งพัก', 'ที่นั่งพัก', 37),
(38, '1', 'ครอบครัว', 'รถส่วนตัว', '2 - 3 วัน', 'รีสอร์ท', 'มากกว่า 5,000 บาท', '3', '3', '4', '4', '2', '5', '5', '3', '3', '3', 'พื้นราบสำหรับรถเข็น, ที่นั่งพัก, สุขาผู้สูงอายุ/ผู้พิการ', 'พื้นราบสำหรับรถเข็น, ที่นั่งพัก, สุขาผู้สูงอายุ/ผู้พิการ', 'พื้นราบสำหรับรถเข็น, ที่นั่งพัก', 'ที่นั่งพัก, สุขาผู้สูงอายุ/ผู้พิการ', 'พื้นราบสำหรับรถเข็น, สุขาผู้สูงอายุ/ผู้พิการ', 'พื้นราบสำหรับรถเข็น, ที่จอดรถผู้สูงอายุ, ที่นั่งพัก, สุขาผู้สูงอายุ/ผู้พิการ', 'พื้นราบสำหรับรถเข็น, ที่จอดรถผู้สูงอายุ, ที่นั่งพัก, สุขาผู้สูงอายุ/ผู้พิการ', 'พื้นราบสำหรับรถเข็น, ที่จอดรถผู้สูงอายุ, ที่นั่งพัก, สุขาผู้สูงอายุ/ผู้พิการ', 'พื้นราบสำหรับรถเข็น, ที่จอดรถผู้สูงอายุ, ที่นั่งพัก, สุขาผู้สูงอายุ/ผู้พิการ', 'พื้นราบสำหรับรถเข็น, ที่จอดรถผู้สูงอายุ, ที่นั่งพัก, สุขาผู้สูงอายุ/ผู้พิการ', 38),
(39, '0', '', '', '', '', '', '', '', '', '', '', '', '', '', '', '', '', '', '', '', '', '', '', '', '', '', 39),
(40, '1', 'ครอบครัว', 'รถส่วนตัว', '2 - 3 วัน', 'รีสอร์ท', '3,000 – 5,000 บาท', '5', '5', '5', '5', '4', '5', '5', '5', '4', '3', 'พื้นราบสำหรับรถเข็น', 'ที่นั่งพัก', 'ที่จอดรถผู้สูงอายุ', 'สุขาผู้สูงอายุ/ผู้พิการ', 'สุขาผู้สูงอายุ/ผู้พิการ', 'พื้นราบสำหรับรถเข็น', 'พื้นราบสำหรับรถเข็น, สุขาผู้สูงอายุ/ผู้พิการ', 'อื่นๆ', 'อื่นๆ', 'อื่นๆ', 40),
(41, '1', 'ครอบครัว', 'รถส่วนตัว', '2 - 3 วัน', 'รีสอร์ท', '1,000 - 3,000 บาท', '5', '4', '4', '5', '4', '5', '5', '5', '3', '3', 'ที่นั่งพัก', 'ที่นั่งพัก', 'ที่นั่งพัก', 'ที่นั่งพัก', 'ที่นั่งพัก', 'ที่นั่งพัก', 'ที่นั่งพัก', 'ที่นั่งพัก', 'ที่นั่งพัก', 'ที่นั่งพัก', 41),
(42, '1', 'ครอบครัว', 'รถส่วนตัว', '2 - 3 วัน', 'รีสอร์ท', 'มากกว่า 5,000 บาท', '2', '1', '4', '4', '1', '5', '5', '5', '5', '1', 'พื้นราบสำหรับรถเข็น, ที่นั่งพัก', 'อื่นๆ', 'อื่นๆ', 'อื่นๆ', 'อื่นๆ', 'พื้นราบสำหรับรถเข็น, ที่นั่งพัก, สุขาผู้สูงอายุ/ผู้พิการ', 'พื้นราบสำหรับรถเข็น, ที่นั่งพัก, สุขาผู้สูงอายุ/ผู้พิการ', 'อื่นๆ', 'อื่นๆ', 'อื่นๆ', 42),
(43, '1', 'ครอบครัว', 'รถส่วนตัว', '2 - 3 วัน', 'รีสอร์ท', '3,000 – 5,000 บาท', '5', '5', '5', '5', '4', '5', '5', '5', '4', '3', 'พื้นราบสำหรับรถเข็น', 'ที่นั่งพัก', 'ที่จอดรถผู้สูงอายุ', 'สุขาผู้สูงอายุ/ผู้พิการ', 'สุขาผู้สูงอายุ/ผู้พิการ', 'พื้นราบสำหรับรถเข็น', 'พื้นราบสำหรับรถเข็น, สุขาผู้สูงอายุ/ผู้พิการ', 'อื่นๆ', 'อื่นๆ', 'อื่นๆ', 43),
(44, '1', 'ครอบครัว', 'รถส่วนตัว', '2 - 3 วัน', 'รีสอร์ท', '3,000 – 5,000 บาท', '5', '5', '5', '5', '4', '5', '5', '5', '4', '3', 'พื้นราบสำหรับรถเข็น', 'ที่นั่งพัก', 'ที่จอดรถผู้สูงอายุ', 'สุขาผู้สูงอายุ/ผู้พิการ', 'สุขาผู้สูงอายุ/ผู้พิการ', 'พื้นราบสำหรับรถเข็น', 'พื้นราบสำหรับรถเข็น, สุขาผู้สูงอายุ/ผู้พิการ', 'อื่นๆ', 'อื่นๆ', 'อื่นๆ', 44),
(45, '1', 'ครอบครัว', 'รถส่วนตัว', '2 - 3 วัน', 'รีสอร์ท', '3,000 – 5,000 บาท', '5', '5', '5', '5', '4', '5', '5', '5', '4', '3', 'พื้นราบสำหรับรถเข็น', 'ที่นั่งพัก', 'ที่จอดรถผู้สูงอายุ', 'สุขาผู้สูงอายุ/ผู้พิการ', 'สุขาผู้สูงอายุ/ผู้พิการ', 'พื้นราบสำหรับรถเข็น', 'พื้นราบสำหรับรถเข็น, สุขาผู้สูงอายุ/ผู้พิการ', 'อื่นๆ', 'อื่นๆ', 'อื่นๆ', 45),
(46, '1', 'ครอบครัว', 'รถส่วนตัว', '2 - 3 วัน', 'รีสอร์ท', '3,000 – 5,000 บาท', '5', '5', '5', '5', '4', '5', '5', '5', '4', '3', 'พื้นราบสำหรับรถเข็น', 'ที่นั่งพัก', 'ที่จอดรถผู้สูงอายุ', 'สุขาผู้สูงอายุ/ผู้พิการ', 'สุขาผู้สูงอายุ/ผู้พิการ', 'พื้นราบสำหรับรถเข็น', 'พื้นราบสำหรับรถเข็น, สุขาผู้สูงอายุ/ผู้พิการ', 'อื่นๆ', 'อื่นๆ', 'อื่นๆ', 46),
(47, '0', '', '', '', '', '', '', '', '', '', '', '', '', '', '', '', '', '', '', '', '', '', '', '', '', '', 47),
(48, '1', 'ครอบครัว', 'รถส่วนตัว', '2 - 3 วัน', 'บ้านญาติ', '3,000 – 5,000 บาท', '4', '4', '4', '4', '4', '4', '4', '4', '4', '4', 'ที่นั่งพัก', 'ที่นั่งพัก', 'ที่นั่งพัก', 'ที่นั่งพัก', 'ที่นั่งพัก', 'ที่นั่งพัก', 'ที่นั่งพัก', 'ที่นั่งพัก', 'ที่นั่งพัก', 'ที่นั่งพัก', 48),
(49, '0', '', '', '', '', '', '', '', '', '', '', '', '', '', '', '', '', '', '', '', '', '', '', '', '', '', 49),
(50, '1', 'ครอบครัว', 'รถส่วนตัว', '2 - 3 วัน', 'โรงแรม', '3,000 – 5,000 บาท', '4', '1', '1', '1', '1', '1', '1', '2', '1', '1', 'พื้นราบสำหรับรถเข็น, ที่นั่งพัก', 'ที่นั่งพัก', 'ที่นั่งพัก', 'ที่นั่งพัก', 'ที่นั่งพัก', 'ที่นั่งพัก', 'ที่นั่งพัก', 'ที่นั่งพัก', 'ที่นั่งพัก', 'ที่นั่งพัก', 50),
(51, '0', '', '', '', '', '', '', '', '', '', '', '', '', '', '', '', '', '', '', '', '', '', '', '', '', '', 51),
(52, '1', 'แพคเกจท่องเที่ยว', 'รถบัส', '2 - 3 วัน', 'รีสอร์ท', '1,000 - 3,000 บาท', '5', '4', '4', '4', '4', '5', '4', '4', '4', '4', 'พื้นราบสำหรับรถเข็น, ที่นั่งพัก', 'พื้นราบสำหรับรถเข็น, ที่นั่งพัก', 'พื้นราบสำหรับรถเข็น, ที่นั่งพัก', 'พื้นราบสำหรับรถเข็น, ที่นั่งพัก', 'พื้นราบสำหรับรถเข็น, ที่นั่งพัก', 'พื้นราบสำหรับรถเข็น, ที่นั่งพัก', 'พื้นราบสำหรับรถเข็น, ที่นั่งพัก', 'พื้นราบสำหรับรถเข็น, ที่นั่งพัก', 'พื้นราบสำหรับรถเข็น, ที่นั่งพัก', 'พื้นราบสำหรับรถเข็น, ที่นั่งพัก', 52),
(53, '0', '', '', '', '', '', '', '', '', '', '', '', '', '', '', '', '', '', '', '', '', '', '', '', '', '', 53),
(54, '0', '', '', '', '', '', '', '', '', '', '', '', '', '', '', '', '', '', '', '', '', '', '', '', '', '', 54),
(55, '1', 'ครอบครัว', 'รถส่วนตัว', '1 วัน', 'บ้านตนเอง', '1,000 - 3,000 บาท', '5', '5', '5', '5', '5', '5', '5', '5', '5', '5', 'สุขาผู้สูงอายุ/ผู้พิการ', 'สุขาผู้สูงอายุ/ผู้พิการ', 'สุขาผู้สูงอายุ/ผู้พิการ', 'สุขาผู้สูงอายุ/ผู้พิการ', 'สุขาผู้สูงอายุ/ผู้พิการ', 'สุขาผู้สูงอายุ/ผู้พิการ', 'สุขาผู้สูงอายุ/ผู้พิการ', 'สุขาผู้สูงอายุ/ผู้พิการ', 'สุขาผู้สูงอายุ/ผู้พิการ', 'สุขาผู้สูงอายุ/ผู้พิการ', 55),
(56, '0', '', '', '', '', '', '', '', '', '', '', '', '', '', '', '', '', '', '', '', '', '', '', '', '', '', 56),
(57, '1', 'เพื่อนๆ', 'รถส่วนตัว', '2 - 3 วัน', 'รีสอร์ท', '1,000 - 3,000 บาท', '4', '4', '5', '4', '4', '4', '4', '4', '4', '4', 'สุขาผู้สูงอายุ/ผู้พิการ', 'ที่จอดรถผู้สูงอายุ', 'ที่จอดรถผู้สูงอายุ', 'ที่จอดรถผู้สูงอายุ', 'ที่นั่งพัก', 'ที่จอดรถผู้สูงอายุ', 'ที่จอดรถผู้สูงอายุ', 'ที่จอดรถผู้สูงอายุ', 'ที่จอดรถผู้สูงอายุ', 'ที่จอดรถผู้สูงอายุ', 57),
(58, '0', '', '', '', '', '', '', '', '', '', '', '', '', '', '', '', '', '', '', '', '', '', '', '', '', '', 58),
(59, '1', 'ครอบครัว', 'รถส่วนตัว', '2 - 3 วัน', 'รีสอร์ท', '1,000 - 3,000 บาท', '4', '4', '3', '3', '3', '4', '4', '4', '4', '3', 'สุขาผู้สูงอายุ/ผู้พิการ', 'สุขาผู้สูงอายุ/ผู้พิการ', 'สุขาผู้สูงอายุ/ผู้พิการ', 'อื่นๆ', 'อื่นๆ', 'ที่นั่งพัก', 'ที่นั่งพัก', 'พื้นราบสำหรับรถเข็น', 'ที่จอดรถผู้สูงอายุ', 'พื้นราบสำหรับรถเข็น', 59),
(60, '1', 'ครอบครัว', 'รถส่วนตัว', '1 วัน', 'รีสอร์ท', '3,000 – 5,000 บาท', '5', '5', '3', '3', '2', '5', '5', '3', '2', '3', 'ที่นั่งพัก', 'อื่นๆ', 'อื่นๆ', 'อื่นๆ', 'อื่นๆ', 'อื่นๆ', 'อื่นๆ', 'อื่นๆ', 'อื่นๆ', 'ที่นั่งพัก', 60),
(61, '1', 'ครอบครัว', 'รถส่วนตัว', '2 - 3 วัน', 'รีสอร์ท', 'มากกว่า 5,000 บาท', '5', '4', '4', '4', '4', '5', '5', '3', '3', '3', 'พื้นราบสำหรับรถเข็น', '', '', '', '', '', '', '', '', '', 61),
(62, '1', 'ครอบครัว', 'รถส่วนตัว', '2 - 3 วัน', 'รีสอร์ท', 'มากกว่า 5,000 บาท', '5', '5', '5', '5', '5', '5', '5', '4', '4', '4', 'พื้นราบสำหรับรถเข็น', 'พื้นราบสำหรับรถเข็น', 'พื้นราบสำหรับรถเข็น', 'พื้นราบสำหรับรถเข็น', 'พื้นราบสำหรับรถเข็น', 'พื้นราบสำหรับรถเข็น', 'พื้นราบสำหรับรถเข็น', 'พื้นราบสำหรับรถเข็น', 'พื้นราบสำหรับรถเข็น', 'พื้นราบสำหรับรถเข็น', 62),
(63, '1', 'ครอบครัว', 'รถส่วนตัว', '2 - 3 วัน', 'โรงแรม', '1,000 - 3,000 บาท', '5', '4', '4', '4', '4', '5', '5', '4', '4', '4', '', '', '', '', '', '', '', '', '', '', 63),
(64, '1', 'ครอบครัว', 'รถส่วนตัว', '1 วัน', 'โรงแรม', '1,000 - 3,000 บาท', '5', '4', '5', '5', '4', '5', '4', '5', '4', '3', 'พื้นราบสำหรับรถเข็น, ที่จอดรถผู้สูงอายุ, ที่นั่งพัก', 'ที่นั่งพัก', 'ที่นั่งพัก', 'ที่นั่งพัก', 'ที่นั่งพัก', 'ที่นั่งพัก', 'ที่นั่งพัก', 'ที่นั่งพัก', 'ที่นั่งพัก', 'ที่นั่งพัก', 64),
(65, '0', '', '', '', '', '', '', '', '', '', '', '', '', '', '', '', '', '', '', '', '', '', '', '', '', '', 65),
(66, '1', 'กลุ่มคนในชุมชน', 'รถบัส', '2 - 3 วัน', 'โรงแรม', '1,000 - 3,000 บาท', '4', '4', '4', '3', '3', '4', '4', '3', '3', '4', 'ที่นั่งพัก', 'สุขาผู้สูงอายุ/ผู้พิการ', 'สุขาผู้สูงอายุ/ผู้พิการ', 'สุขาผู้สูงอายุ/ผู้พิการ', 'สุขาผู้สูงอายุ/ผู้พิการ', 'ที่นั่งพัก', 'ที่นั่งพัก', 'สุขาผู้สูงอายุ/ผู้พิการ', 'สุขาผู้สูงอายุ/ผู้พิการ', 'ที่นั่งพัก', 66),
(67, '0', '', '', '', '', '', '', '', '', '', '', '', '', '', '', '', '', '', '', '', '', '', '', '', '', '', 67),
(68, '0', '', '', '', '', '', '', '', '', '', '', '', '', '', '', '', '', '', '', '', '', '', '', '', '', '', 68),
(69, '0', '', '', '', '', '', '', '', '', '', '', '', '', '', '', '', '', '', '', '', '', '', '', '', '', '', 69),
(70, '1', 'ครอบครัว', 'รถส่วนตัว', '2 - 3 วัน', 'รีสอร์ท', 'มากกว่า 5,000 บาท', '5', '5', '5', '5', '5', '5', '5', '5', '5', '5', 'ที่นั่งพัก, สุขาผู้สูงอายุ/ผู้พิการ', 'ที่นั่งพัก', 'ที่นั่งพัก', 'ที่นั่งพัก, สุขาผู้สูงอายุ/ผู้พิการ', 'ที่นั่งพัก', 'ที่นั่งพัก, สุขาผู้สูงอายุ/ผู้พิการ', 'พื้นราบสำหรับรถเข็น, ที่นั่งพัก', 'ที่นั่งพัก', 'ที่นั่งพัก', 'พื้นราบสำหรับรถเข็น, ที่นั่งพัก', 70),
(71, '0', '', '', '', '', '', '', '', '', '', '', '', '', '', '', '', '', '', '', '', '', '', '', '', '', '', 71),
(72, '1', 'ครอบครัว', 'รถส่วนตัว', '2 - 3 วัน', 'รีสอร์ท', 'มากกว่า 5,000 บาท', '5', '5', '5', '5', '2', '5', '5', '5', '5', '5', 'พื้นราบสำหรับรถเข็น, ที่นั่งพัก', 'พื้นราบสำหรับรถเข็น, ที่นั่งพัก, สุขาผู้สูงอายุ/ผู้พิการ', 'ที่นั่งพัก', 'พื้นราบสำหรับรถเข็น, ที่นั่งพัก, สุขาผู้สูงอายุ/ผู้พิการ', 'ที่นั่งพัก', 'พื้นราบสำหรับรถเข็น, ที่นั่งพัก, สุขาผู้สูงอายุ/ผู้พิการ', 'พื้นราบสำหรับรถเข็น, ที่นั่งพัก', 'พื้นราบสำหรับรถเข็น, ที่นั่งพัก', 'พื้นราบสำหรับรถเข็น, ที่นั่งพัก, สุขาผู้สูงอายุ/ผู้พิการ', 'พื้นราบสำหรับรถเข็น, ที่นั่งพัก', 72),
(73, '1', 'ครอบครัว', 'รถส่วนตัว', '2 - 3 วัน', 'โรงแรม', '1,000 - 3,000 บาท', '5', '3', '3', '4', '5', '3', '4', '4', '4', '3', 'ที่จอดรถผู้สูงอายุ', 'ที่นั่งพัก', 'ที่นั่งพัก', 'ที่นั่งพัก', 'ที่นั่งพัก', 'ที่นั่งพัก', 'ที่นั่งพัก', 'พื้นราบสำหรับรถเข็น', 'พื้นราบสำหรับรถเข็น', 'ที่นั่งพัก', 73),
(74, '1', 'ครอบครัว', 'รถส่วนตัว', '1 วัน', 'บ้านญาติ', '1,000 - 3,000 บาท', '5', '5', '5', '5', '5', '5', '4', '5', '5', '4', 'พื้นราบสำหรับรถเข็น', 'พื้นราบสำหรับรถเข็น', 'พื้นราบสำหรับรถเข็น', 'พื้นราบสำหรับรถเข็น', 'พื้นราบสำหรับรถเข็น', 'พื้นราบสำหรับรถเข็น', 'พื้นราบสำหรับรถเข็น', 'พื้นราบสำหรับรถเข็น', 'พื้นราบสำหรับรถเข็น', 'พื้นราบสำหรับรถเข็น', 74),
(75, '1', 'ครอบครัว', 'รถส่วนตัว', '2 - 3 วัน', 'รีสอร์ท', '1,000 - 3,000 บาท', '5', '5', '', '', '', '', '', '5', '', '', 'ที่นั่งพัก', 'ที่นั่งพัก', '', '', '', '', '', 'อื่นๆ', '', '', 75),
(76, '1', 'ครอบครัว', 'รถส่วนตัว', '1 วัน', 'บ้านตนเอง', 'น้อยกว่า 1,000 บาท', '5', '5', '5', '5', '5', '5', '5', '5', '5', '5', 'พื้นราบสำหรับรถเข็น', 'พื้นราบสำหรับรถเข็น', 'ที่จอดรถผู้สูงอายุ', 'พื้นราบสำหรับรถเข็น', 'พื้นราบสำหรับรถเข็น', 'พื้นราบสำหรับรถเข็น', 'พื้นราบสำหรับรถเข็น', 'พื้นราบสำหรับรถเข็น', 'พื้นราบสำหรับรถเข็น', 'พื้นราบสำหรับรถเข็น', 76),
(77, '0', '', '', '', '', '', '', '', '', '', '', '', '', '', '', '', '', '', '', '', '', '', '', '', '', '', 77),
(78, '1', 'ครอบครัว', 'รถประจำทาง', '2 - 3 วัน', 'บ้านญาติ', '1,000 - 3,000 บาท', '4', '5', '4', '4', '4', '4', '3', '5', '3', '3', 'ที่จอดรถผู้สูงอายุ', 'พื้นราบสำหรับรถเข็น', 'ที่จอดรถผู้สูงอายุ', 'ที่จอดรถผู้สูงอายุ', 'ที่นั่งพัก', 'พื้นราบสำหรับรถเข็น', 'ที่จอดรถผู้สูงอายุ', 'ที่จอดรถผู้สูงอายุ', 'ที่นั่งพัก', 'พื้นราบสำหรับรถเข็น', 78),
(79, '1', 'ครอบครัว', 'รถส่วนตัว', '2 - 3 วัน', 'บ้านตนเอง', '1,000 - 3,000 บาท', '5', '5', '4', '4', '5', '5', '5', '4', '4', '4', 'สุขาผู้สูงอายุ/ผู้พิการ', 'ที่นั่งพัก', 'ที่นั่งพัก', 'ที่นั่งพัก', 'ที่นั่งพัก', 'ที่นั่งพัก', 'ที่นั่งพัก', 'ที่นั่งพัก', 'ที่นั่งพัก', 'ที่นั่งพัก', 79),
(80, '1', 'ครอบครัว', 'รถส่วนตัว', '1 วัน', 'รีสอร์ท', 'มากกว่า 5,000 บาท', '5', '5', '5', '5', '5', '5', '5', '5', '', '', 'ที่นั่งพัก', 'ที่นั่งพัก', 'ที่นั่งพัก', 'ที่นั่งพัก', 'ที่นั่งพัก', 'ที่นั่งพัก', 'ที่นั่งพัก', 'ที่นั่งพัก', 'ที่นั่งพัก', 'ที่นั่งพัก', 80),
(81, '0', '', '', '', '', '', '', '', '', '', '', '', '', '', '', '', '', '', '', '', '', '', '', '', '', '', 81),
(82, '1', 'ครอบครัว', 'รถบัส', '2 - 3 วัน', 'บ้านญาติ', '1,000 - 3,000 บาท', '5', '3', '4', '5', '5', '4', '4', '4', '4', '4', 'ที่จอดรถผู้สูงอายุ', 'พื้นราบสำหรับรถเข็น', 'พื้นราบสำหรับรถเข็น', 'พื้นราบสำหรับรถเข็น', 'พื้นราบสำหรับรถเข็น', 'พื้นราบสำหรับรถเข็น', 'พื้นราบสำหรับรถเข็น', 'ที่จอดรถผู้สูงอายุ', 'ที่นั่งพัก', 'ที่นั่งพัก', 82),
(83, '0', '', '', '', '', '', '', '', '', '', '', '', '', '', '', '', '', '', '', '', '', '', '', '', '', '', 83),
(84, '0', '', '', '', '', '', '', '', '', '', '', '', '', '', '', '', '', '', '', '', '', '', '', '', '', '', 84),
(85, '0', '', '', '', '', '', '', '', '', '', '', '', '', '', '', '', '', '', '', '', '', '', '', '', '', '', 85),
(86, '1', 'ครอบครัว', 'รถส่วนตัว', '4 – 5 วัน', 'บ้านตนเอง', 'น้อยกว่า 1,000 บาท', '4', '3', '4', '2', '2', '2', '2', '2', '2', '2', 'สุขาผู้สูงอายุ/ผู้พิการ', 'สุขาผู้สูงอายุ/ผู้พิการ', 'สุขาผู้สูงอายุ/ผู้พิการ', 'ที่จอดรถผู้สูงอายุ', 'ที่นั่งพัก', 'ที่นั่งพัก', 'ที่จอดรถผู้สูงอายุ', 'ที่จอดรถผู้สูงอายุ', 'ที่จอดรถผู้สูงอายุ', 'ที่จอดรถผู้สูงอายุ', 86),
(87, '1', 'ครอบครัว', 'รถส่วนตัว', '2 - 3 วัน', 'โรงแรม', 'มากกว่า 5,000 บาท', '4', '4', '3', '3', '4', '4', '4', '3', '3', '3', 'ที่นั่งพัก', 'อื่นๆ', 'อื่นๆ', 'อื่นๆ', 'ที่นั่งพัก', 'ที่นั่งพัก', 'ที่นั่งพัก', 'อื่นๆ', 'อื่นๆ', 'อื่นๆ', 87),
(88, '0', '', '', '', '', '', '', '', '', '', '', '', '', '', '', '', '', '', '', '', '', '', '', '', '', '', 88),
(89, '1', 'ครอบครัว', 'รถส่วนตัว', '2 - 3 วัน', 'รีสอร์ท', 'มากกว่า 5,000 บาท', '5', '3', '4', '4', '4', '5', '2', '3', '2', '5', 'พื้นราบสำหรับรถเข็น', 'พื้นราบสำหรับรถเข็น', 'ที่นั่งพัก', 'ที่จอดรถผู้สูงอายุ', 'สุขาผู้สูงอายุ/ผู้พิการ', 'พื้นราบสำหรับรถเข็น', 'พื้นราบสำหรับรถเข็น', 'พื้นราบสำหรับรถเข็น', 'พื้นราบสำหรับรถเข็น', 'พื้นราบสำหรับรถเข็น', 89),
(90, '0', '', '', '', '', '', '', '', '', '', '', '', '', '', '', '', '', '', '', '', '', '', '', '', '', '', 90),
(91, '1', 'ครอบครัว', 'รถส่วนตัว', '2 - 3 วัน', 'โรงแรม', '1,000 - 3,000 บาท', '4', '5', '4', '4', '4', '5', '5', '5', '5', '5', 'พื้นราบสำหรับรถเข็น', 'พื้นราบสำหรับรถเข็น', 'พื้นราบสำหรับรถเข็น', 'พื้นราบสำหรับรถเข็น', 'พื้นราบสำหรับรถเข็น', 'พื้นราบสำหรับรถเข็น', 'พื้นราบสำหรับรถเข็น', 'พื้นราบสำหรับรถเข็น', 'พื้นราบสำหรับรถเข็น', 'พื้นราบสำหรับรถเข็น', 91),
(92, '1', 'ครอบครัว', 'รถส่วนตัว', '2 - 3 วัน', 'รีสอร์ท', 'มากกว่า 5,000 บาท', '3', '3', '3', '4', '4', '5', '5', '4', '3', '4', 'พื้นราบสำหรับรถเข็น', 'พื้นราบสำหรับรถเข็น', 'ที่นั่งพัก', 'ที่นั่งพัก', 'ที่จอดรถผู้สูงอายุ', 'พื้นราบสำหรับรถเข็น, ที่จอดรถผู้สูงอายุ', 'พื้นราบสำหรับรถเข็น, ที่นั่งพัก', 'ที่จอดรถผู้สูงอายุ, ที่นั่งพัก, สุขาผู้สูงอายุ/ผู้พิการ', 'ที่นั่งพัก, สุขาผู้สูงอายุ/ผู้พิการ', 'ที่นั่งพัก, สุขาผู้สูงอายุ/ผู้พิการ', 92),
(93, '1', 'ครอบครัว', 'รถส่วนตัว', '2 - 3 วัน', 'รีสอร์ท', 'มากกว่า 5,000 บาท', '5', '3', '4', '3', '4', '4', '5', '3', '3', '4', 'พื้นราบสำหรับรถเข็น, สุขาผู้สูงอายุ/ผู้พิการ', 'ที่นั่งพัก, สุขาผู้สูงอายุ/ผู้พิการ', 'สุขาผู้สูงอายุ/ผู้พิการ', 'สุขาผู้สูงอายุ/ผู้พิการ', 'ที่นั่งพัก', 'ที่นั่งพัก', 'ที่นั่งพัก', 'สุขาผู้สูงอายุ/ผู้พิการ', 'อื่นๆ', 'สุขาผู้สูงอายุ/ผู้พิการ', 93),
(94, '0', '', '', '', '', '', '', '', '', '', '', '', '', '', '', '', '', '', '', '', '', '', '', '', '', '', 94),
(95, '1', 'ครอบครัว', 'รถตู้', '2 - 3 วัน', 'บ้านญาติ', '1,000 - 3,000 บาท', '4', '2', '4', '1', '5', '5', '5', '5', '5', '5', 'พื้นราบสำหรับรถเข็น', 'พื้นราบสำหรับรถเข็น', 'พื้นราบสำหรับรถเข็น', 'พื้นราบสำหรับรถเข็น', 'สุขาผู้สูงอายุ/ผู้พิการ', 'ที่จอดรถผู้สูงอายุ', 'ที่จอดรถผู้สูงอายุ', 'พื้นราบสำหรับรถเข็น', 'พื้นราบสำหรับรถเข็น', 'พื้นราบสำหรับรถเข็น', 95),
(96, '1', 'ครอบครัว', 'รถส่วนตัว', '1 วัน', 'รีสอร์ท', '3,000 – 5,000 บาท', '5', '4', '4', '4', '4', '4', '4', '4', '4', '4', 'ที่นั่งพัก', 'ที่นั่งพัก', 'ที่นั่งพัก', 'ที่นั่งพัก', 'ที่นั่งพัก', 'ที่นั่งพัก', 'ที่นั่งพัก', 'ที่นั่งพัก', 'ที่นั่งพัก', 'ที่นั่งพัก', 96),
(97, '1', 'ครอบครัว', 'รถส่วนตัว', '1 วัน', 'โรงแรม', 'มากกว่า 5,000 บาท', '5', '5', '4', '4', '5', '5', '5', '3', '4', '5', 'พื้นราบสำหรับรถเข็น', 'พื้นราบสำหรับรถเข็น', 'สุขาผู้สูงอายุ/ผู้พิการ', 'ที่นั่งพัก', 'ที่จอดรถผู้สูงอายุ', 'พื้นราบสำหรับรถเข็น', 'พื้นราบสำหรับรถเข็น', 'พื้นราบสำหรับรถเข็น', 'พื้นราบสำหรับรถเข็น', 'พื้นราบสำหรับรถเข็น', 97),
(98, '0', '', '', '', '', '', '', '', '', '', '', '', '', '', '', '', '', '', '', '', '', '', '', '', '', '', 98),
(99, '1', 'ครอบครัว', 'รถส่วนตัว', '1 วัน', 'บ้านตนเอง', 'น้อยกว่า 1,000 บาท', '5', '5', '5', '5', '5', '5', '4', '5', '4', '5', 'ที่จอดรถผู้สูงอายุ, ที่นั่งพัก, อื่นๆ', 'พื้นราบสำหรับรถเข็น, ที่จอดรถผู้สูงอายุ, อื่นๆ', 'อื่นๆ', 'พื้นราบสำหรับรถเข็น, อื่นๆ', 'ที่นั่งพัก, อื่นๆ', 'พื้นราบสำหรับรถเข็น', 'ที่จอดรถผู้สูงอายุ', 'พื้นราบสำหรับรถเข็น, ที่จอดรถผู้สูงอายุ, ที่นั่งพัก, สุขาผู้สูงอายุ/ผู้พิการ, อื่นๆ', 'ที่นั่งพัก', 'ที่จอดรถผู้สูงอายุ, อื่นๆ', 99),
(100, '0', '', '', '', '', '', '', '', '', '', '', '', '', '', '', '', '', '', '', '', '', '', '', '', '', '', 100),
(101, '0', '', '', '', '', '', '', '', '', '', '', '', '', '', '', '', '', '', '', '', '', '', '', '', '', '', 101),
(102, '1', 'ครอบครัว', 'รถส่วนตัว', '2 - 3 วัน', 'โรงแรม', '3,000 – 5,000 บาท', '4', '', '', '', '', '', '3', '', '', '', 'ที่นั่งพัก', 'ที่จอดรถผู้สูงอายุ', '', '', '', '', '', '', '', '', 102),
(103, '1', 'ครอบครัว', 'รถส่วนตัว', '1 วัน', 'บ้านตนเอง', 'น้อยกว่า 1,000 บาท', '5', '5', '5', '5', '5', '5', '5', '5', '5', '5', 'ที่นั่งพัก', 'ที่จอดรถผู้สูงอายุ, ที่นั่งพัก, สุขาผู้สูงอายุ/ผู้พิการ', 'พื้นราบสำหรับรถเข็น, ที่นั่งพัก, อื่นๆ', 'ที่จอดรถผู้สูงอายุ, ที่นั่งพัก, สุขาผู้สูงอายุ/ผู้พิการ', 'ที่จอดรถผู้สูงอายุ, ที่นั่งพัก, อื่นๆ', 'ที่นั่งพัก, สุขาผู้สูงอายุ/ผู้พิการ', 'ที่นั่งพัก, สุขาผู้สูงอายุ/ผู้พิการ', 'พื้นราบสำหรับรถเข็น, ที่จอดรถผู้สูงอายุ, ที่นั่งพัก, สุขาผู้สูงอายุ/ผู้พิการ, อื่นๆ', 'ที่จอดรถผู้สูงอายุ, ที่นั่งพัก, อื่นๆ', 'พื้นราบสำหรับรถเข็น, อื่นๆ', 103),
(104, '0', '', '', '', '', '', '', '', '', '', '', '', '', '', '', '', '', '', '', '', '', '', '', '', '', '', 104),
(105, '1', 'แพคเกจท่องเที่ยว', 'รถบัส', '6 – 7 วัน', 'รีสอร์ท', 'มากกว่า 5,000 บาท', '4', '4', '5', '5', '4', '4', '5', '5', '4', '5', 'ที่จอดรถผู้สูงอายุ', 'พื้นราบสำหรับรถเข็น', 'พื้นราบสำหรับรถเข็น, ที่จอดรถผู้สูงอายุ', 'พื้นราบสำหรับรถเข็น', 'ที่จอดรถผู้สูงอายุ', 'พื้นราบสำหรับรถเข็น', 'ที่จอดรถผู้สูงอายุ', 'ที่จอดรถผู้สูงอายุ', 'พื้นราบสำหรับรถเข็น', 'ที่จอดรถผู้สูงอายุ', 105),
(106, '0', '', '', '', '', '', '', '', '', '', '', '', '', '', '', '', '', '', '', '', '', '', '', '', '', '', 106),
(107, '0', '', '', '', '', '', '', '', '', '', '', '', '', '', '', '', '', '', '', '', '', '', '', '', '', '', 107),
(108, '1', 'ครอบครัว', 'รถส่วนตัว', '4 – 5 วัน', 'บ้านตนเอง', '1,000 - 3,000 บาท', '4', '3', '5', '4', '4', '5', '5', '', '4', '3', 'ที่นั่งพัก', '', 'พื้นราบสำหรับรถเข็น, ที่นั่งพัก, สุขาผู้สูงอายุ/ผู้พิการ', 'พื้นราบสำหรับรถเข็น, ที่นั่งพัก, สุขาผู้สูงอายุ/ผู้พิการ', 'ที่นั่งพัก, สุขาผู้สูงอายุ/ผู้พิการ', 'ที่นั่งพัก, สุขาผู้สูงอายุ/ผู้พิการ', 'ที่นั่งพัก, สุขาผู้สูงอายุ/ผู้พิการ', 'พื้นราบสำหรับรถเข็น, ที่จอดรถผู้สูงอายุ, ที่นั่งพัก, สุขาผู้สูงอายุ/ผู้พิการ', 'ที่นั่งพัก, สุขาผู้สูงอายุ/ผู้พิการ', 'ที่นั่งพัก', 108),
(109, '1', 'ครอบครัว', 'รถส่วนตัว', '1 วัน', 'รีสอร์ท', '3,000 – 5,000 บาท', '5', '5', '5', '5', '3', '5', '4', '5', '5', '5', 'ที่นั่งพัก', 'สุขาผู้สูงอายุ/ผู้พิการ', 'สุขาผู้สูงอายุ/ผู้พิการ', 'สุขาผู้สูงอายุ/ผู้พิการ', 'พื้นราบสำหรับรถเข็น', 'ที่จอดรถผู้สูงอายุ', 'ที่จอดรถผู้สูงอายุ', 'ที่จอดรถผู้สูงอายุ', 'ที่จอดรถผู้สูงอายุ', 'ที่นั่งพัก', 109),
(110, '1', 'ครอบครัว', 'รถส่วนตัว', '1 วัน', 'บ้านตนเอง', '1,000 - 3,000 บาท', '5', '5', '5', '5', '5', '5', '5', '5', '5', '5', 'ที่นั่งพัก', 'ที่นั่งพัก', 'ที่นั่งพัก', 'ที่นั่งพัก', 'ที่นั่งพัก', 'ที่นั่งพัก', 'ที่นั่งพัก', 'ที่นั่งพัก', 'ที่นั่งพัก', 'ที่นั่งพัก', 110),
(111, '1', 'ครอบครัว', 'รถส่วนตัว', '2 - 3 วัน', 'โรงแรม', '3,000 – 5,000 บาท', '5', '5', '4', '4', '5', '5', '5', '5', '4', '4', 'ที่นั่งพัก', 'ที่นั่งพัก', 'ที่นั่งพัก', 'อื่นๆ', 'ที่นั่งพัก', 'อื่นๆ', 'อื่นๆ', 'ที่นั่งพัก', 'ที่นั่งพัก', 'ที่นั่งพัก', 111),
(112, '1', 'ครอบครัว', 'รถส่วนตัว', '2 - 3 วัน', 'บ้านญาติ', '3,000 – 5,000 บาท', '5', '4', '4', '5', '5', '4', '4', '4', '4', '4', 'ที่จอดรถผู้สูงอายุ', 'ที่จอดรถผู้สูงอายุ', 'ที่นั่งพัก', 'ที่นั่งพัก', 'ที่จอดรถผู้สูงอายุ', 'ที่นั่งพัก', 'ที่นั่งพัก', '', '', '', 112),
(113, '1', 'กลุ่มผู้สูงอายุ', 'รถบัส', '2 - 3 วัน', 'โรงแรม', '3,000 – 5,000 บาท', '4', '4', '5', '5', '5', '4', '5', '5', '5', '5', '', '', '', '', '', '', '', '', '', '', 113),
(114, '1', 'ครอบครัว', 'รถส่วนตัว', '1 วัน', 'บ้านตนเอง', 'น้อยกว่า 1,000 บาท', '3', '4', '5', '4', '5', '4', '4', '5', '4', '4', 'พื้นราบสำหรับรถเข็น, ที่นั่งพัก', 'พื้นราบสำหรับรถเข็น, ที่จอดรถผู้สูงอายุ, ที่นั่งพัก', 'พื้นราบสำหรับรถเข็น, ที่นั่งพัก', 'พื้นราบสำหรับรถเข็น, ที่นั่งพัก', 'ที่จอดรถผู้สูงอายุ', 'พื้นราบสำหรับรถเข็น, ที่นั่งพัก', 'ที่จอดรถผู้สูงอายุ', 'ที่จอดรถผู้สูงอายุ', 'ที่นั่งพัก', 'พื้นราบสำหรับรถเข็น, ที่นั่งพัก', 114),
(115, '0', '', '', '', '', '', '', '', '', '', '', '', '', '', '', '', '', '', '', '', '', '', '', '', '', '', 115),
(116, '1', 'ครอบครัว', 'รถส่วนตัว', '2 - 3 วัน', 'รีสอร์ท', '3,000 – 5,000 บาท', '4', '4', '4', '4', '4', '3', '3', '3', '3', '3', 'พื้นราบสำหรับรถเข็น, ที่นั่งพัก', 'พื้นราบสำหรับรถเข็น, ที่นั่งพัก', 'พื้นราบสำหรับรถเข็น, ที่นั่งพัก', 'พื้นราบสำหรับรถเข็น, ที่นั่งพัก', 'สุขาผู้สูงอายุ/ผู้พิการ', 'สุขาผู้สูงอายุ/ผู้พิการ', 'สุขาผู้สูงอายุ/ผู้พิการ', 'พื้นราบสำหรับรถเข็น, ที่นั่งพัก', 'ที่นั่งพัก', 'สุขาผู้สูงอายุ/ผู้พิการ', 116),
(117, '1', 'เพื่อน', 'รถบัส', '2 - 3 วัน', 'รีสอร์ท', '3,000 – 5,000 บาท', '3', '3', '3', '3', '3', '3', '3', '3', '3', '3', 'ที่นั่งพัก', 'ที่นั่งพัก', 'ที่นั่งพัก', 'ที่นั่งพัก', 'ที่นั่งพัก', 'ที่นั่งพัก', 'ที่นั่งพัก', 'ที่นั่งพัก', 'ที่นั่งพัก', 'ที่นั่งพัก', 117),
(118, '0', '', '', '', '', '', '', '', '', '', '', '', '', '', '', '', '', '', '', '', '', '', '', '', '', '', 118),
(119, '1', 'ครอบครัว', 'รถส่วนตัว', '2 - 3 วัน', 'บ้านญาติ', '3,000 – 5,000 บาท', '5', '5', '5', '5', '5', '5', '5', '4', '4', '4', 'ที่นั่งพัก', 'ที่นั่งพัก', 'สุขาผู้สูงอายุ/ผู้พิการ', 'อื่นๆ', 'อื่นๆ', '', 'อื่นๆ', 'อื่นๆ', 'อื่นๆ', 'อื่นๆ', 119),
(120, '0', '', '', '', '', '', '', '', '', '', '', '', '', '', '', '', '', '', '', '', '', '', '', '', '', '', 120),
(121, '0', '', '', '', '', '', '', '', '', '', '', '', '', '', '', '', '', '', '', '', '', '', '', '', '', '', 121),
(122, '0', '', '', '', '', '', '', '', '', '', '', '', '', '', '', '', '', '', '', '', '', '', '', '', '', '', 122),
(123, '1', 'กลุ่มผู้สูงอายุ', 'รถส่วนตัว', '2 - 3 วัน', 'รีสอร์ท', '3,000 – 5,000 บาท', '5', '4', '3', '3', '3', '5', '5', '3', '4', '3', 'ที่จอดรถผู้สูงอายุ', 'ที่นั่งพัก', 'ที่นั่งพัก', 'ที่นั่งพัก', 'สุขาผู้สูงอายุ/ผู้พิการ', 'ที่จอดรถผู้สูงอายุ', 'ที่จอดรถผู้สูงอายุ', 'ที่จอดรถผู้สูงอายุ', 'ที่จอดรถผู้สูงอายุ', 'ที่จอดรถผู้สูงอายุ', 123),
(124, '1', 'ครอบครัว', 'รถส่วนตัว', '1 วัน', 'บ้านญาติ', '1,000 - 3,000 บาท', '5', '5', '5', '3', '3', '3', '3', '3', '3', '3', 'ที่นั่งพัก', 'ที่นั่งพัก', 'ที่นั่งพัก', 'ที่นั่งพัก', 'ที่นั่งพัก', 'ที่นั่งพัก', 'ที่นั่งพัก', 'ที่นั่งพัก', 'ที่นั่งพัก', 'ที่นั่งพัก', 124),
(125, '1', 'ครอบครัว', 'รถส่วนตัว', '6 – 7 วัน', 'บ้านตนเอง', '3,000 – 5,000 บาท', '5', '5', '5', '4', '4', '4', '4', '4', '4', '4', 'พื้นราบสำหรับรถเข็น', 'ที่จอดรถผู้สูงอายุ', 'ที่จอดรถผู้สูงอายุ', 'ที่จอดรถผู้สูงอายุ', 'ที่จอดรถผู้สูงอายุ', 'ที่จอดรถผู้สูงอายุ', 'ที่จอดรถผู้สูงอายุ', 'ที่จอดรถผู้สูงอายุ', 'ที่จอดรถผู้สูงอายุ', 'ที่จอดรถผู้สูงอายุ', 125),
(126, '0', '', '', '', '', '', '', '', '', '', '', '', '', '', '', '', '', '', '', '', '', '', '', '', '', '', 126),
(127, '0', '', '', '', '', '', '', '', '', '', '', '', '', '', '', '', '', '', '', '', '', '', '', '', '', '', 127),
(128, '0', '', '', '', '', '', '', '', '', '', '', '', '', '', '', '', '', '', '', '', '', '', '', '', '', '', 128),
(129, '0', '', '', '', '', '', '', '', '', '', '', '', '', '', '', '', '', '', '', '', '', '', '', '', '', '', 129),
(130, '1', 'ครอบครัว', 'รถส่วนตัว', '2 - 3 วัน', 'รีสอร์ท', '3,000 – 5,000 บาท', '4', '4', '4', '4', '4', '4', '4', '4', '4', '4', 'ที่จอดรถผู้สูงอายุ', 'ที่จอดรถผู้สูงอายุ', 'ที่จอดรถผู้สูงอายุ', 'ที่จอดรถผู้สูงอายุ', 'ที่จอดรถผู้สูงอายุ', 'ที่จอดรถผู้สูงอายุ', 'ที่จอดรถผู้สูงอายุ', 'ที่จอดรถผู้สูงอายุ', 'ที่จอดรถผู้สูงอายุ', 'ที่จอดรถผู้สูงอายุ', 130),
(131, '1', 'ครอบครัว', 'รถส่วนตัว', '1 วัน', 'บ้านตนเอง', '1,000 - 3,000 บาท', '4', '5', '4', '5', '5', '5', '5', '5', '5', '5', 'ที่นั่งพัก', 'ที่นั่งพัก', 'ที่นั่งพัก', 'ที่นั่งพัก', 'ที่นั่งพัก', 'ที่นั่งพัก', 'ที่นั่งพัก', 'ที่นั่งพัก', 'ที่นั่งพัก', 'ที่นั่งพัก', 131),
(132, '0', '', '', '', '', '', '', '', '', '', '', '', '', '', '', '', '', '', '', '', '', '', '', '', '', '', 132),
(133, '1', 'ครอบครัว', 'รถส่วนตัว', '1 วัน', 'บ้านตนเอง', '1,000 - 3,000 บาท', '4', '5', '4', '5', '5', '5', '5', '5', '5', '5', 'ที่นั่งพัก', 'ที่นั่งพัก', 'ที่นั่งพัก', 'ที่นั่งพัก', 'ที่นั่งพัก', 'ที่นั่งพัก', 'ที่นั่งพัก', 'ที่นั่งพัก', 'ที่นั่งพัก', 'ที่นั่งพัก', 133),
(134, '0', '', '', '', '', '', '', '', '', '', '', '', '', '', '', '', '', '', '', '', '', '', '', '', '', '', 134),
(135, '0', '', '', '', '', '', '', '', '', '', '', '', '', '', '', '', '', '', '', '', '', '', '', '', '', '', 135),
(136, '0', '', '', '', '', '', '', '', '', '', '', '', '', '', '', '', '', '', '', '', '', '', '', '', '', '', 136),
(137, '1', 'ครอบครัว', 'รถส่วนตัว', '1 วัน', 'โรงแรม', '3,000 – 5,000 บาท', '5', '5', '5', '5', '5', '5', '4', '4', '2', '4', 'ที่นั่งพัก', 'ที่นั่งพัก', 'ที่นั่งพัก', 'ที่นั่งพัก', 'ที่นั่งพัก', 'ที่นั่งพัก', 'ที่นั่งพัก', 'ที่นั่งพัก', 'ที่นั่งพัก', 'ที่นั่งพัก', 137),
(138, '1', 'ครอบครัว', 'รถส่วนตัว', '1 วัน', 'บ้านตนเอง', '1,000 - 3,000 บาท', '3', '3', '3', '3', '3', '3', '3', '5', '3', '3', 'ที่นั่งพัก', 'ที่นั่งพัก', 'ที่นั่งพัก', 'ที่นั่งพัก', 'ที่นั่งพัก', 'ที่นั่งพัก', 'ที่นั่งพัก', 'ที่นั่งพัก', 'ที่นั่งพัก', 'ที่นั่งพัก', 138),
(139, '1', 'ครอบครัว', 'รถส่วนตัว', '1 วัน', 'บ้านตนเอง', '1,000 - 3,000 บาท', '5', '5', '5', '5', '5', '4', '4', '5', '5', '5', 'ที่นั่งพัก', 'ที่นั่งพัก', 'ที่นั่งพัก', 'ที่นั่งพัก', 'ที่นั่งพัก', 'ที่นั่งพัก', 'ที่นั่งพัก', 'ที่นั่งพัก', 'ที่นั่งพัก', 'ที่นั่งพัก', 139),
(140, '1', 'ครอบครัว', 'รถส่วนตัว', '2 - 3 วัน', 'รีสอร์ท', 'มากกว่า 5,000 บาท', '4', '4', '4', '', '', '5', '5', '', '', '4', '', 'ที่นั่งพัก', 'ที่นั่งพัก', '', '', 'ที่จอดรถผู้สูงอายุ', 'พื้นราบสำหรับรถเข็น, ที่นั่งพัก', '', '', 'ที่จอดรถผู้สูงอายุ', 140),
(141, '0', '', '', '', '', '', '', '', '', '', '', '', '', '', '', '', '', '', '', '', '', '', '', '', '', '', 141),
(142, '0', '', '', '', '', '', '', '', '', '', '', '', '', '', '', '', '', '', '', '', '', '', '', '', '', '', 142),
(143, '0', '', '', '', '', '', '', '', '', '', '', '', '', '', '', '', '', '', '', '', '', '', '', '', '', '', 143),
(144, '0', '', '', '', '', '', '', '', '', '', '', '', '', '', '', '', '', '', '', '', '', '', '', '', '', '', 144),
(145, '0', '', '', '', '', '', '', '', '', '', '', '', '', '', '', '', '', '', '', '', '', '', '', '', '', '', 145),
(146, '0', '', '', '', '', '', '', '', '', '', '', '', '', '', '', '', '', '', '', '', '', '', '', '', '', '', 146),
(147, '1', 'กลุ่มผู้สูงอายุ', 'รถบัส', '1 วัน', 'โรงแรม', '1,000 - 3,000 บาท', '5', '', '5', '5', '5', '4', '4', '4', '4', '4', 'ที่นั่งพัก', 'ที่นั่งพัก', 'ที่นั่งพัก', 'ที่นั่งพัก', 'ที่นั่งพัก', 'ที่นั่งพัก', 'ที่นั่งพัก', 'ที่นั่งพัก', 'ที่นั่งพัก', 'ที่นั่งพัก', 147),
(148, '0', '', '', '', '', '', '', '', '', '', '', '', '', '', '', '', '', '', '', '', '', '', '', '', '', '', 148),
(149, '0', '', '', '', '', '', '', '', '', '', '', '', '', '', '', '', '', '', '', '', '', '', '', '', '', '', 149),
(150, '0', '', '', '', '', '', '', '', '', '', '', '', '', '', '', '', '', '', '', '', '', '', '', '', '', '', 150);

-- --------------------------------------------------------

--
-- Table structure for table `data_phitsanulok`
--

CREATE TABLE `data_phitsanulok` (
  `id_phitsanulok` int(5) NOT NULL,
  `tourism` text COLLATE utf8_unicode_ci NOT NULL,
  `travel_form` text COLLATE utf8_unicode_ci,
  `vehicle` text COLLATE utf8_unicode_ci,
  `travel_time` text COLLATE utf8_unicode_ci,
  `camp` text COLLATE utf8_unicode_ci,
  `charges` text COLLATE utf8_unicode_ci,
  `score_WatYai` varchar(20) COLLATE utf8_unicode_ci DEFAULT NULL,
  `score_ThaweeFolkMuseum` varchar(20) COLLATE utf8_unicode_ci DEFAULT NULL,
  `score_WatChulamanee` varchar(20) COLLATE utf8_unicode_ci DEFAULT NULL,
  `score_SanSomdej` varchar(20) COLLATE utf8_unicode_ci DEFAULT NULL,
  `score_MuseumThirdArmy` varchar(20) COLLATE utf8_unicode_ci DEFAULT NULL,
  `score_KaengSopha` int(20) DEFAULT NULL,
  `score_Phuhinrongkla` varchar(20) COLLATE utf8_unicode_ci DEFAULT NULL,
  `score_PhuSoiDao` varchar(20) COLLATE utf8_unicode_ci DEFAULT NULL,
  `facilities_WatYai` text COLLATE utf8_unicode_ci,
  `facilities_ThaweeFolkMuseum` text COLLATE utf8_unicode_ci,
  `facilities_WatChulamanee` text COLLATE utf8_unicode_ci,
  `facilities_SanSomdej` text COLLATE utf8_unicode_ci,
  `facilities_MuseumThirdArmy` text COLLATE utf8_unicode_ci,
  `facilities_KaengSopha` text COLLATE utf8_unicode_ci,
  `facilities_Phuhinrongkla` text COLLATE utf8_unicode_ci,
  `facilities_PhuSoiDao` text COLLATE utf8_unicode_ci,
  `id_phetchabun` int(5) DEFAULT NULL
) ENGINE=InnoDB DEFAULT CHARSET=utf8 COLLATE=utf8_unicode_ci;

--
-- Dumping data for table `data_phitsanulok`
--

INSERT INTO `data_phitsanulok` (`id_phitsanulok`, `tourism`, `travel_form`, `vehicle`, `travel_time`, `camp`, `charges`, `score_WatYai`, `score_ThaweeFolkMuseum`, `score_WatChulamanee`, `score_SanSomdej`, `score_MuseumThirdArmy`, `score_KaengSopha`, `score_Phuhinrongkla`, `score_PhuSoiDao`, `facilities_WatYai`, `facilities_ThaweeFolkMuseum`, `facilities_WatChulamanee`, `facilities_SanSomdej`, `facilities_MuseumThirdArmy`, `facilities_KaengSopha`, `facilities_Phuhinrongkla`, `facilities_PhuSoiDao`, `id_phetchabun`) VALUES
(1, '1', 'ครอบครัว', 'รถส่วนตัว', '2 - 3 วัน', 'รีสอร์ท', '3,000 – 5,000 บาท', '4', '4', '4', '4', '4', 4, '4', '4', 'ที่จอดรถผู้สูงอายุ', 'ที่นั่งพัก', 'ที่จอดรถผู้สูงอายุ', 'ที่จอดรถผู้สูงอายุ', 'ที่จอดรถผู้สูงอายุ', 'ที่นั่งพัก', 'ที่จอดรถผู้สูงอายุ', 'ที่จอดรถผู้สูงอายุ', 1),
(2, '1', 'ครอบครัว', 'รถส่วนตัว', '4 – 5 วัน', 'โรงแรม', '1,000 - 3,000 บาท', '3', '4', '4', '4', '4', 4, '3', '1', '', '', '', '', '', '', '', '', 2),
(3, '1', 'ครอบครัว', 'รถส่วนตัว', '1 วัน', 'บ้านตนเอง', '1,000 - 3,000 บาท', '5', '3', '3', '4', '3', 3, '3', '3', 'ที่นั่งพัก', '', '', '', '', '', '', '', 3),
(4, '1', 'ครอบครัว', 'รถส่วนตัว', '1 วัน', 'ไม่ได้พัก', '1,000 - 3,000 บาท', '4', '1', '1', '1', '1', 1, '1', '1', 'ที่นั่งพัก, สุขาผู้สูงอายุ/ผู้พิการ', '', '', '', '', '', '', '', 4),
(5, '0', '', '', '', '', '', '', '', '', '', '', 0, '', '', '', '', '', '', '', '', '', '', 5),
(6, '1', 'ครอบครัว', 'รถส่วนตัว', '1 วัน', 'รีสอร์ท', '3,000 – 5,000 บาท', '4', '4', '4', '4', '3', 4, '3', '3', 'ที่จอดรถผู้สูงอายุ', 'ที่จอดรถผู้สูงอายุ', 'ที่จอดรถผู้สูงอายุ', 'ที่จอดรถผู้สูงอายุ', 'ที่จอดรถผู้สูงอายุ', 'ที่จอดรถผู้สูงอายุ', 'ที่จอดรถผู้สูงอายุ', 'ที่จอดรถผู้สูงอายุ', 6),
(7, '1', 'ครอบครัว', 'รถประจำทาง', '2 - 3 วัน', 'โรงแรม', '1,000 - 3,000 บาท', '5', '5', '5', '5', '5', 5, '5', '5', 'ที่นั่งพัก', 'ที่นั่งพัก', 'ที่นั่งพัก', 'ที่นั่งพัก', 'ที่นั่งพัก', 'ที่นั่งพัก', 'ที่นั่งพัก', 'ที่นั่งพัก', 7),
(8, '1', 'ครอบครัว', 'รถส่วนตัว', '2 - 3 วัน', 'บ้านญาติ', '1,000 - 3,000 บาท', '5', '4', '4', '4', '3', 4, '4', '4', 'พื้นราบสำหรับรถเข็น', '', '', '', '', '', '', '', 8),
(9, '1', 'ครอบครัว', 'รถส่วนตัว', '2 - 3 วัน', 'รีสอร์ท', '3,000 – 5,000 บาท', '3', '4', '5', '4', '5', 5, '3', '3', 'ที่นั่งพัก', 'ที่นั่งพัก', 'ที่นั่งพัก', 'ที่นั่งพัก', 'ที่นั่งพัก', 'ที่นั่งพัก', 'ที่นั่งพัก', 'ที่นั่งพัก', 9),
(10, '1', 'ครอบครัว', 'รถส่วนตัว', '1 วัน', 'บ้านตนเอง', '3,000 – 5,000 บาท', '4', '2', '2', '2', '2', 2, '2', '2', 'ที่นั่งพัก', 'ที่นั่งพัก', 'ที่นั่งพัก', 'ที่นั่งพัก', 'ที่นั่งพัก', 'สุขาผู้สูงอายุ/ผู้พิการ', 'สุขาผู้สูงอายุ/ผู้พิการ', 'สุขาผู้สูงอายุ/ผู้พิการ', 10),
(11, '1', 'กลุ่มผู้สูงอายุ', 'รถตู้', '2 - 3 วัน', 'โรงแรม', '3,000 – 5,000 บาท', '5', '4', '3', '5', '3', 4, '3', '3', 'ที่นั่งพัก', 'ที่นั่งพัก', 'ที่นั่งพัก', 'ที่นั่งพัก', 'ที่นั่งพัก', 'ที่นั่งพัก', 'ที่นั่งพัก', 'ที่นั่งพัก', 11),
(12, '0', '', '', '', '', '', '', '', '', '', '', 0, '', '', '', '', '', '', '', '', '', '', 12),
(13, '1', 'ครอบครัว', 'ทั้งรถส่วนตัว รถบัส รถตู้ แล้วแต่โอกาส', '4 – 5 วัน', 'โรงแรม', 'มากกว่า 5,000 บาท', '5', '2', '3', '4', '2', 5, '5', '2', 'ที่จอดรถผู้สูงอายุ', 'ที่จอดรถผู้สูงอายุ', 'สุขาผู้สูงอายุ/ผู้พิการ', 'ที่นั่งพัก', 'อื่นๆ', 'พื้นราบสำหรับรถเข็น', 'สุขาผู้สูงอายุ/ผู้พิการ', 'อื่นๆ', 13),
(14, '1', 'กลุ่มผู้สูงอายุ', 'รถส่วนตัว', '2 - 3 วัน', 'รีสอร์ท', '1,000 - 3,000 บาท', '5', '1', '1', '5', '2', 3, '2', '2', 'ที่นั่งพัก', 'อื่นๆ', 'อื่นๆ', 'ที่นั่งพัก', 'สุขาผู้สูงอายุ/ผู้พิการ', 'สุขาผู้สูงอายุ/ผู้พิการ', 'สุขาผู้สูงอายุ/ผู้พิการ', 'สุขาผู้สูงอายุ/ผู้พิการ', 14),
(15, '0', '', '', '', '', '', '', '', '', '', '', 0, '', '', '', '', '', '', '', '', '', '', 15),
(16, '1', 'ครอบครัว', 'รถส่วนตัว', '1 วัน', 'บ้านญาติ', '3,000 – 5,000 บาท', '4', '4', '4', '4', '3', 4, '4', '4', 'ที่นั่งพัก', 'ที่นั่งพัก', 'ที่นั่งพัก', 'ที่นั่งพัก', 'ที่นั่งพัก', 'ที่นั่งพัก', 'ที่นั่งพัก', 'ที่นั่งพัก', 16),
(17, '0', '', '', '', '', '', '', '', '', '', '', 0, '', '', '', '', '', '', '', '', '', '', 17),
(18, '1', 'ครอบครัว', 'รถส่วนตัว', '1 วัน', 'บ้านญาติ', '1,000 - 3,000 บาท', '5', '3', '3', '3', '3', 3, '3', '3', 'พื้นราบสำหรับรถเข็น, ที่นั่งพัก', 'พื้นราบสำหรับรถเข็น, ที่จอดรถผู้สูงอายุ', 'ที่จอดรถผู้สูงอายุ, ที่นั่งพัก', 'ที่จอดรถผู้สูงอายุ, ที่นั่งพัก', 'ที่จอดรถผู้สูงอายุ', 'ที่นั่งพัก', 'ที่จอดรถผู้สูงอายุ', 'ที่จอดรถผู้สูงอายุ', 18),
(19, '1', 'ครอบครัว', 'รถส่วนตัว', '2 - 3 วัน', 'รีสอร์ท', '1,000 - 3,000 บาท', '5', '5', '4', '5', '4', 4, '5', '5', 'ที่นั่งพัก', 'ที่นั่งพัก', 'ที่นั่งพัก', 'ที่นั่งพัก', 'ที่นั่งพัก', 'ที่นั่งพัก', 'ที่นั่งพัก', 'ที่นั่งพัก', 19),
(20, '1', 'ครอบครัว', 'รถส่วนตัว', '2 - 3 วัน', 'โรงแรม', 'น้อยกว่า 1,000 บาท', '5', '5', '5', '5', '5', 5, '5', '5', 'พื้นราบสำหรับรถเข็น', 'พื้นราบสำหรับรถเข็น', 'พื้นราบสำหรับรถเข็น', 'พื้นราบสำหรับรถเข็น', 'พื้นราบสำหรับรถเข็น', 'พื้นราบสำหรับรถเข็น', 'พื้นราบสำหรับรถเข็น', 'พื้นราบสำหรับรถเข็น', 20),
(21, '1', 'ครอบครัว', 'รถประจำทาง', '2 - 3 วัน', 'บ้านญาติ', 'น้อยกว่า 1,000 บาท', '5', '3', '4', '4', '4', 4, '5', '4', 'ที่นั่งพัก', 'ที่นั่งพัก', 'ที่นั่งพัก', 'ที่นั่งพัก', 'ที่นั่งพัก', 'ที่นั่งพัก', 'ที่นั่งพัก', 'ที่นั่งพัก', 21),
(22, '1', 'ครอบครัว', 'รถส่วนตัว', '1 วัน', 'รีสอร์ท', '1,000 - 3,000 บาท', '5', '4', '5', '4', '3', 4, '4', '3', 'อื่นๆ', 'ที่นั่งพัก', 'อื่นๆ', 'อื่นๆ', 'อื่นๆ', 'ที่นั่งพัก', 'อื่นๆ', 'อื่นๆ', 22),
(23, '1', 'ครอบครัว', 'รถส่วนตัว', '2 - 3 วัน', 'โรงแรม', 'มากกว่า 5,000 บาท', '5', '5', '5', '5', '5', 5, '5', '5', 'ที่นั่งพัก', 'ที่นั่งพัก', 'ที่นั่งพัก', 'ที่นั่งพัก', 'ที่นั่งพัก', 'ที่นั่งพัก', 'ที่นั่งพัก', 'ที่นั่งพัก', 23),
(24, '1', 'ครอบครัว', 'รถส่วนตัว', '2 - 3 วัน', 'โรงแรม', '3,000 – 5,000 บาท', '5', '4', '4', '3', '3', 3, '3', '3', 'ที่จอดรถผู้สูงอายุ', 'ที่นั่งพัก', 'ที่จอดรถผู้สูงอายุ', 'ที่จอดรถผู้สูงอายุ', 'ที่นั่งพัก', 'ที่นั่งพัก', 'ที่นั่งพัก', 'ที่นั่งพัก', 24),
(25, '1', 'ครอบครัว', 'รถส่วนตัว', '1 วัน', 'บ้านญาติ', '1,000 - 3,000 บาท', '4', '3', '3', '4', '3', 3, '3', '3', 'ที่จอดรถผู้สูงอายุ, สุขาผู้สูงอายุ/ผู้พิการ', 'ที่จอดรถผู้สูงอายุ, สุขาผู้สูงอายุ/ผู้พิการ', 'ที่จอดรถผู้สูงอายุ, สุขาผู้สูงอายุ/ผู้พิการ', 'ที่จอดรถผู้สูงอายุ, สุขาผู้สูงอายุ/ผู้พิการ', 'ที่จอดรถผู้สูงอายุ, สุขาผู้สูงอายุ/ผู้พิการ', 'ที่จอดรถผู้สูงอายุ, ที่นั่งพัก, สุขาผู้สูงอายุ/ผู้พิการ', 'ที่จอดรถผู้สูงอายุ, ที่นั่งพัก, สุขาผู้สูงอายุ/ผู้พิการ', 'ที่จอดรถผู้สูงอายุ, ที่นั่งพัก, สุขาผู้สูงอายุ/ผู้พิการ', 25),
(26, '0', '', '', '', '', '', '', '', '', '', '', 0, '', '', '', '', '', '', '', '', '', '', 26),
(27, '1', 'ครอบครัว', 'รถส่วนตัว', '2 - 3 วัน', 'รีสอร์ท', 'มากกว่า 5,000 บาท', '5', '4', '4', '4', '4', 5, '5', '5', 'พื้นราบสำหรับรถเข็น', 'พื้นราบสำหรับรถเข็น', 'พื้นราบสำหรับรถเข็น', 'พื้นราบสำหรับรถเข็น', 'พื้นราบสำหรับรถเข็น', 'พื้นราบสำหรับรถเข็น', 'พื้นราบสำหรับรถเข็น', 'พื้นราบสำหรับรถเข็น', 27),
(28, '1', 'ครอบครัว', 'รถส่วนตัว', '2 - 3 วัน', 'รีสอร์ท', '3,000 – 5,000 บาท', '5', '5', '4', '5', '5', 5, '5', '5', 'พื้นราบสำหรับรถเข็น', 'ที่จอดรถผู้สูงอายุ', 'พื้นราบสำหรับรถเข็น', 'ที่จอดรถผู้สูงอายุ', 'พื้นราบสำหรับรถเข็น', 'พื้นราบสำหรับรถเข็น', 'พื้นราบสำหรับรถเข็น', 'พื้นราบสำหรับรถเข็น', 28),
(29, '1', 'ครอบครัว', 'รถส่วนตัว', '2 - 3 วัน', 'โรงแรม', '3,000 – 5,000 บาท', '5', '3', '3', '4', '3', 3, '3', '3', 'ที่นั่งพัก', 'ที่นั่งพัก', 'ที่นั่งพัก', 'ที่นั่งพัก', 'ที่นั่งพัก', 'ที่นั่งพัก', 'ที่นั่งพัก', 'ที่นั่งพัก', 29),
(30, '1', 'ครอบครัว', 'รถส่วนตัว', '2 - 3 วัน', 'บ้านญาติ', '1,000 - 3,000 บาท', '5', '4', '4', '5', '3', 4, '5', '4', 'พื้นราบสำหรับรถเข็น', 'ที่นั่งพัก', 'ที่จอดรถผู้สูงอายุ', 'ที่นั่งพัก', 'ที่นั่งพัก', 'สุขาผู้สูงอายุ/ผู้พิการ', 'สุขาผู้สูงอายุ/ผู้พิการ', 'ที่นั่งพัก', 30),
(31, '1', 'ครอบครัว', 'รถส่วนตัว', '1 วัน', 'โรงแรม', 'มากกว่า 5,000 บาท', '3', '2', '2', '5', '5', 4, '4', '3', 'ที่นั่งพัก', 'ที่นั่งพัก', 'ที่นั่งพัก', 'ที่นั่งพัก', 'ที่นั่งพัก', 'ที่นั่งพัก', 'ที่นั่งพัก', 'ที่นั่งพัก', 31),
(32, '1', 'ครอบครัว', 'รถส่วนตัว', '2 - 3 วัน', 'บ้านญาติ', '3,000 – 5,000 บาท', '4', '5', '4', '5', '5', 5, '5', '5', 'ที่นั่งพัก', 'ที่นั่งพัก', 'พื้นราบสำหรับรถเข็น', 'ที่นั่งพัก', 'ที่นั่งพัก', 'พื้นราบสำหรับรถเข็น', 'ที่นั่งพัก', 'ที่นั่งพัก', 32),
(33, '1', 'ครอบครัว', 'รถส่วนตัว', '1 วัน', 'บ้านญาติ', 'น้อยกว่า 1,000 บาท', '5', '4', '3', '5', '3', 3, '4', '3', 'พื้นราบสำหรับรถเข็น, ที่นั่งพัก, สุขาผู้สูงอายุ/ผู้พิการ', 'พื้นราบสำหรับรถเข็น, ที่นั่งพัก, สุขาผู้สูงอายุ/ผู้พิการ', 'พื้นราบสำหรับรถเข็น, ที่นั่งพัก, สุขาผู้สูงอายุ/ผู้พิการ', 'พื้นราบสำหรับรถเข็น, ที่นั่งพัก, สุขาผู้สูงอายุ/ผู้พิการ', 'พื้นราบสำหรับรถเข็น, ที่นั่งพัก, สุขาผู้สูงอายุ/ผู้พิการ', 'พื้นราบสำหรับรถเข็น, ที่นั่งพัก, สุขาผู้สูงอายุ/ผู้พิการ', 'พื้นราบสำหรับรถเข็น, ที่นั่งพัก, สุขาผู้สูงอายุ/ผู้พิการ', 'พื้นราบสำหรับรถเข็น, ที่นั่งพัก, สุขาผู้สูงอายุ/ผู้พิการ', 33),
(34, '1', 'แพคเกจท่องเที่ยว', 'รถบัส', '1 วัน', 'ีไปกลับ', 'น้อยกว่า 1,000 บาท', '5', '5', '5', '5', '5', 4, '5', '5', 'ที่นั่งพัก', 'ที่นั่งพัก', 'ที่นั่งพัก', 'ที่นั่งพัก', 'ที่นั่งพัก', 'ที่นั่งพัก', 'ที่นั่งพัก', 'ที่นั่งพัก', 34),
(35, '1', 'ครอบครัว', 'รถส่วนตัว', '2 - 3 วัน', 'รีสอร์ท', '3,000 – 5,000 บาท', '5', '4', '4', '5', '5', 4, '4', '5', 'ที่นั่งพัก', 'ที่นั่งพัก', 'ที่นั่งพัก', 'ที่นั่งพัก', 'ที่นั่งพัก', 'ที่นั่งพัก', 'ที่นั่งพัก', 'ที่นั่งพัก', 35),
(36, '1', 'ครอบครัว', 'รถส่วนตัว', '1 วัน', 'บ้านตนเอง', '1,000 - 3,000 บาท', '5', '3', '4', '4', '3', 4, '4', '4', 'ที่นั่งพัก', 'ที่นั่งพัก', 'ที่นั่งพัก', 'ที่นั่งพัก', 'ที่นั่งพัก', 'ที่นั่งพัก', 'ที่นั่งพัก', 'ที่นั่งพัก', 36),
(37, '0', '', '', '', '', '', '', '', '', '', '', 0, '', '', '', '', '', '', '', '', '', '', 37),
(38, '0', '', '', '', '', '', '', '', '', '', '', 0, '', '', '', '', '', '', '', '', '', '', 38),
(39, '1', 'ครอบครัว', 'รถส่วนตัว', '1 วัน', 'บ้านตนเอง', 'น้อยกว่า 1,000 บาท', '3', '2', '3', '2', '1', 1, '3', '2', 'พื้นราบสำหรับรถเข็น, ที่จอดรถผู้สูงอายุ, ที่นั่งพัก, สุขาผู้สูงอายุ/ผู้พิการ', 'พื้นราบสำหรับรถเข็น, ที่จอดรถผู้สูงอายุ, ที่นั่งพัก, สุขาผู้สูงอายุ/ผู้พิการ', 'พื้นราบสำหรับรถเข็น, ที่นั่งพัก, สุขาผู้สูงอายุ/ผู้พิการ', 'พื้นราบสำหรับรถเข็น, ที่นั่งพัก, สุขาผู้สูงอายุ/ผู้พิการ', 'พื้นราบสำหรับรถเข็น, สุขาผู้สูงอายุ/ผู้พิการ', 'พื้นราบสำหรับรถเข็น, ที่จอดรถผู้สูงอายุ, ที่นั่งพัก, สุขาผู้สูงอายุ/ผู้พิการ', 'พื้นราบสำหรับรถเข็น, ที่จอดรถผู้สูงอายุ, ที่นั่งพัก, สุขาผู้สูงอายุ/ผู้พิการ', 'พื้นราบสำหรับรถเข็น, ที่จอดรถผู้สูงอายุ, ที่นั่งพัก, สุขาผู้สูงอายุ/ผู้พิการ', 39),
(40, '1', 'ครอบครัว', 'รถส่วนตัว', '2 - 3 วัน', 'โรงแรม', '3,000 – 5,000 บาท', '5', '3', '3', '4', '4', 4, '2', '2', 'สุขาผู้สูงอายุ/ผู้พิการ', 'อื่นๆ', 'พื้นราบสำหรับรถเข็น', 'ที่จอดรถผู้สูงอายุ', 'สุขาผู้สูงอายุ/ผู้พิการ', 'สุขาผู้สูงอายุ/ผู้พิการ', 'สุขาผู้สูงอายุ/ผู้พิการ', 'สุขาผู้สูงอายุ/ผู้พิการ', 40),
(41, '1', 'ครอบครัว', 'รถส่วนตัว', '2 - 3 วัน', 'บ้านญาติ', '1,000 - 3,000 บาท', '5', '4', '4', '4', '4', 3, '3', '3', 'ที่นั่งพัก', 'ที่นั่งพัก', 'ที่นั่งพัก', 'ที่นั่งพัก', 'ที่นั่งพัก', 'ที่นั่งพัก', 'ที่นั่งพัก', 'ที่นั่งพัก', 41),
(42, '0', '', '', '', '', '', '', '', '', '', '', 0, '', '', '', '', '', '', '', '', '', '', 42),
(43, '1', 'ครอบครัว', 'รถส่วนตัว', '2 - 3 วัน', 'โรงแรม', '3,000 – 5,000 บาท', '5', '3', '3', '4', '4', 4, '2', '2', 'สุขาผู้สูงอายุ/ผู้พิการ', 'อื่นๆ', 'พื้นราบสำหรับรถเข็น', 'ที่จอดรถผู้สูงอายุ', 'สุขาผู้สูงอายุ/ผู้พิการ', 'สุขาผู้สูงอายุ/ผู้พิการ', 'สุขาผู้สูงอายุ/ผู้พิการ', 'สุขาผู้สูงอายุ/ผู้พิการ', 43),
(44, '1', 'ครอบครัว', 'รถส่วนตัว', '2 - 3 วัน', 'โรงแรม', '3,000 – 5,000 บาท', '5', '3', '3', '4', '4', 4, '2', '2', 'สุขาผู้สูงอายุ/ผู้พิการ', 'อื่นๆ', 'พื้นราบสำหรับรถเข็น', 'ที่จอดรถผู้สูงอายุ', 'สุขาผู้สูงอายุ/ผู้พิการ', 'สุขาผู้สูงอายุ/ผู้พิการ', 'สุขาผู้สูงอายุ/ผู้พิการ', 'สุขาผู้สูงอายุ/ผู้พิการ', 44),
(45, '1', 'ครอบครัว', 'รถส่วนตัว', '2 - 3 วัน', 'โรงแรม', '3,000 – 5,000 บาท', '5', '3', '3', '4', '4', 4, '2', '2', 'สุขาผู้สูงอายุ/ผู้พิการ', 'อื่นๆ', 'พื้นราบสำหรับรถเข็น', 'ที่จอดรถผู้สูงอายุ', 'สุขาผู้สูงอายุ/ผู้พิการ', 'สุขาผู้สูงอายุ/ผู้พิการ', 'สุขาผู้สูงอายุ/ผู้พิการ', 'สุขาผู้สูงอายุ/ผู้พิการ', 45),
(46, '1', 'ครอบครัว', 'รถส่วนตัว', '2 - 3 วัน', 'โรงแรม', '3,000 – 5,000 บาท', '5', '3', '3', '4', '4', 4, '2', '2', 'สุขาผู้สูงอายุ/ผู้พิการ', 'อื่นๆ', 'พื้นราบสำหรับรถเข็น', 'ที่จอดรถผู้สูงอายุ', 'สุขาผู้สูงอายุ/ผู้พิการ', 'สุขาผู้สูงอายุ/ผู้พิการ', 'สุขาผู้สูงอายุ/ผู้พิการ', 'สุขาผู้สูงอายุ/ผู้พิการ', 46),
(47, '1', 'ครอบครัว', 'รถส่วนตัว', '1 วัน', 'โรงแรม', '1,000 - 3,000 บาท', '5', '4', '5', '5', '5', 5, '4', '4', 'ที่นั่งพัก', 'อื่นๆ', 'ที่นั่งพัก', 'ที่จอดรถผู้สูงอายุ, ที่นั่งพัก', 'ที่จอดรถผู้สูงอายุ', 'ที่จอดรถผู้สูงอายุ, อื่นๆ', 'ที่จอดรถผู้สูงอายุ', 'ที่จอดรถผู้สูงอายุ', 47),
(48, '1', 'ครอบครัว', 'รถส่วนตัว', '1 วัน', 'บ้านญาติ', '3,000 – 5,000 บาท', '4', '4', '4', '4', '4', 4, '4', '4', 'ที่นั่งพัก', 'ที่นั่งพัก', 'ที่นั่งพัก', 'ที่นั่งพัก', 'ที่นั่งพัก', 'ที่นั่งพัก', 'ที่นั่งพัก', 'ที่นั่งพัก', 48),
(49, '1', 'ครอบครัว', 'รถส่วนตัว', '2 - 3 วัน', 'รีสอร์ท', 'มากกว่า 5,000 บาท', '3', '3', '3', '3', '3', 3, '3', '3', 'พื้นราบสำหรับรถเข็น', 'พื้นราบสำหรับรถเข็น', 'ที่นั่งพัก', 'ที่นั่งพัก', 'ที่นั่งพัก', 'ที่นั่งพัก', 'ที่นั่งพัก', 'ที่นั่งพัก', 49),
(50, '1', 'ครอบครัว', 'รถส่วนตัว', '2 - 3 วัน', 'โรงแรม', 'น้อยกว่า 1,000 บาท', '4', '3', '3', '4', '2', 2, '2', '2', 'ที่จอดรถผู้สูงอายุ, ที่นั่งพัก', 'ที่นั่งพัก', 'ที่นั่งพัก', 'ที่นั่งพัก', 'ที่นั่งพัก', 'ที่นั่งพัก', 'ที่นั่งพัก', 'ที่นั่งพัก', 50),
(51, '0', '', '', '', '', '', '', '', '', '', '', 0, '', '', '', '', '', '', '', '', '', '', 51),
(52, '1', 'ครอบครัว', 'รถส่วนตัว', '2 - 3 วัน', 'รีสอร์ท', '3,000 – 5,000 บาท', '5', '4', '4', '4', '4', 4, '5', '5', 'พื้นราบสำหรับรถเข็น, ที่จอดรถผู้สูงอายุ, ที่นั่งพัก', 'พื้นราบสำหรับรถเข็น, ที่นั่งพัก', 'ที่จอดรถผู้สูงอายุ, ที่นั่งพัก', 'ที่จอดรถผู้สูงอายุ, ที่นั่งพัก', 'พื้นราบสำหรับรถเข็น, ที่จอดรถผู้สูงอายุ, ที่นั่งพัก', 'พื้นราบสำหรับรถเข็น, ที่นั่งพัก', 'พื้นราบสำหรับรถเข็น, ที่นั่งพัก', 'พื้นราบสำหรับรถเข็น, ที่นั่งพัก', 52),
(53, '1', 'ครอบครัว', 'รถส่วนตัว', '2 - 3 วัน', 'รีสอร์ท', '3,000 – 5,000 บาท', '5', '4', '3', '5', '4', 4, '4', '4', 'ที่จอดรถผู้สูงอายุ', 'ที่นั่งพัก', 'ที่นั่งพัก', 'พื้นราบสำหรับรถเข็น, ที่นั่งพัก', 'ที่นั่งพัก', 'ที่จอดรถผู้สูงอายุ, ที่นั่งพัก', 'ที่นั่งพัก', 'ที่นั่งพัก', 53),
(54, '0', '', '', '', '', '', '', '', '', '', '', 0, '', '', '', '', '', '', '', '', '', '', 54),
(55, '1', 'ครอบครัว', 'รถส่วนตัว', '1 วัน', 'บ้านตนเอง', '1,000 - 3,000 บาท', '5', '5', '5', '5', '5', 5, '5', '5', 'พื้นราบสำหรับรถเข็น', 'สุขาผู้สูงอายุ/ผู้พิการ', 'สุขาผู้สูงอายุ/ผู้พิการ', 'ที่จอดรถผู้สูงอายุ', 'ที่จอดรถผู้สูงอายุ', 'ที่จอดรถผู้สูงอายุ', 'ที่จอดรถผู้สูงอายุ', 'ที่จอดรถผู้สูงอายุ', 55),
(56, '1', 'ครอบครัว', 'รถส่วนตัว', '1 วัน', 'บ้านตนเอง', 'น้อยกว่า 1,000 บาท', '4', '3', '4', '4', '4', 2, '2', '2', 'ที่นั่งพัก', 'อื่นๆ', 'อื่นๆ', 'ที่นั่งพัก', 'ที่จอดรถผู้สูงอายุ', 'อื่นๆ', 'อื่นๆ', 'อื่นๆ', 56),
(57, '1', 'กับเพื่อนๆ', 'รถส่วนตัว', '1 วัน', 'โรงแรม', '1,000 - 3,000 บาท', '5', '4', '4', '5', '3', 4, '4', '4', 'สุขาผู้สูงอายุ/ผู้พิการ', 'อื่นๆ', 'อื่นๆ', 'อื่นๆ', 'อื่นๆ', 'ที่นั่งพัก', 'ที่จอดรถผู้สูงอายุ', 'อื่นๆ', 57),
(58, '1', 'ครอบครัว', 'รถส่วนตัว', '2 - 3 วัน', 'บ้านญาติ', '1,000 - 3,000 บาท', '5', '3', '4', '4', '3', 3, '3', '3', 'ที่จอดรถผู้สูงอายุ, ที่นั่งพัก, สุขาผู้สูงอายุ/ผู้พิการ', 'ที่จอดรถผู้สูงอายุ, สุขาผู้สูงอายุ/ผู้พิการ', 'ที่นั่งพัก, สุขาผู้สูงอายุ/ผู้พิการ', 'ที่นั่งพัก, สุขาผู้สูงอายุ/ผู้พิการ', 'ที่นั่งพัก, สุขาผู้สูงอายุ/ผู้พิการ', 'ที่นั่งพัก, สุขาผู้สูงอายุ/ผู้พิการ', 'ที่นั่งพัก, สุขาผู้สูงอายุ/ผู้พิการ', 'ที่นั่งพัก, สุขาผู้สูงอายุ/ผู้พิการ', 58),
(59, '1', 'ครอบครัว', 'รถส่วนตัว', '1 วัน', 'บ้านญาติ', '3,000 – 5,000 บาท', '5', '4', '4', '4', '4', 3, '4', '4', 'สุขาผู้สูงอายุ/ผู้พิการ', 'สุขาผู้สูงอายุ/ผู้พิการ', 'สุขาผู้สูงอายุ/ผู้พิการ', 'สุขาผู้สูงอายุ/ผู้พิการ', 'สุขาผู้สูงอายุ/ผู้พิการ', 'อื่นๆ', 'อื่นๆ', 'อื่นๆ', 59),
(60, '1', 'ครอบครัว', 'รถส่วนตัว', '1 วัน', 'บ้านตนเอง', '3,000 – 5,000 บาท', '4', '3', '3', '4', '2', 5, '5', '3', 'ที่นั่งพัก', 'อื่นๆ', 'อื่นๆ', 'อื่นๆ', 'อื่นๆ', 'ที่นั่งพัก', 'ที่นั่งพัก', 'ที่นั่งพัก', 60),
(61, '1', 'ครอบครัว', 'รถส่วนตัว', '2 - 3 วัน', 'รีสอร์ท', 'มากกว่า 5,000 บาท', '5', '1', '4', '5', '2', 4, '4', '4', '', '', '', '', '', '', '', '', 61),
(62, '1', 'ครอบครัว', 'รถส่วนตัว', '2 - 3 วัน', 'รีสอร์ท', 'มากกว่า 5,000 บาท', '5', '5', '5', '5', '5', 5, '5', '5', 'พื้นราบสำหรับรถเข็น, ที่นั่งพัก', 'พื้นราบสำหรับรถเข็น, ที่นั่งพัก', 'พื้นราบสำหรับรถเข็น, ที่นั่งพัก', 'พื้นราบสำหรับรถเข็น, ที่นั่งพัก', 'พื้นราบสำหรับรถเข็น, ที่นั่งพัก', 'พื้นราบสำหรับรถเข็น, ที่นั่งพัก', 'พื้นราบสำหรับรถเข็น, ที่นั่งพัก', 'พื้นราบสำหรับรถเข็น, ที่จอดรถผู้สูงอายุ', 62),
(63, '1', 'ครอบครัว', 'รถส่วนตัว', '2 - 3 วัน', 'โรงแรม', '1,000 - 3,000 บาท', '5', '4', '4', '5', '4', 4, '4', '4', '', '', '', '', '', '', '', '', 63),
(64, '1', 'ครอบครัว', 'รถส่วนตัว', '1 วัน', 'โรงแรม', '1,000 - 3,000 บาท', '5', '4', '4', '4', '3', 3, '4', '4', 'ที่จอดรถผู้สูงอายุ', 'ที่นั่งพัก', 'ที่นั่งพัก', 'ที่นั่งพัก', 'ที่นั่งพัก', 'ที่นั่งพัก', 'ที่นั่งพัก', 'ที่นั่งพัก', 64),
(65, '0', '', '', '', '', '', '', '', '', '', '', 0, '', '', '', '', '', '', '', '', '', '', 65),
(66, '1', 'ครอบครัว', 'รถประจำทาง', '2 - 3 วัน', 'โรงแรม', '1,000 - 3,000 บาท', '4', '3', '4', '3', '3', 4, '3', '3', 'ที่นั่งพัก', 'สุขาผู้สูงอายุ/ผู้พิการ', 'ที่นั่งพัก', 'สุขาผู้สูงอายุ/ผู้พิการ', 'ที่นั่งพัก', 'สุขาผู้สูงอายุ/ผู้พิการ', 'ที่นั่งพัก', 'ที่นั่งพัก', 66),
(67, '1', 'ครอบครัว', 'รถส่วนตัว', '2 - 3 วัน', 'บ้านญาติ', '3,000 – 5,000 บาท', '4', '3', '', '3', '', 0, '5', '', 'ที่จอดรถผู้สูงอายุ', 'ที่จอดรถผู้สูงอายุ', '', '', '', '', 'พื้นราบสำหรับรถเข็น', '', 67),
(68, '1', 'ครอบครัว', 'รถส่วนตัว', '1 วัน', 'ไป กลับ', 'มากกว่า 5,000 บาท', '5', '5', '5', '5', '5', 2, '1', '2', 'พื้นราบสำหรับรถเข็น, ที่จอดรถผู้สูงอายุ, ที่นั่งพัก, สุขาผู้สูงอายุ/ผู้พิการ', 'พื้นราบสำหรับรถเข็น, ที่จอดรถผู้สูงอายุ, ที่นั่งพัก', 'พื้นราบสำหรับรถเข็น, ที่จอดรถผู้สูงอายุ, ที่นั่งพัก, สุขาผู้สูงอายุ/ผู้พิการ', 'พื้นราบสำหรับรถเข็น, ที่จอดรถผู้สูงอายุ, ที่นั่งพัก, สุขาผู้สูงอายุ/ผู้พิการ', 'พื้นราบสำหรับรถเข็น, ที่จอดรถผู้สูงอายุ, ที่นั่งพัก, สุขาผู้สูงอายุ/ผู้พิการ', 'ที่นั่งพัก', 'ที่นั่งพัก, สุขาผู้สูงอายุ/ผู้พิการ', 'ที่นั่งพัก', 68),
(69, '0', '', '', '', '', '', '', '', '', '', '', 0, '', '', '', '', '', '', '', '', '', '', 69),
(70, '1', 'ครอบครัว', 'รถส่วนตัว', '2 - 3 วัน', 'บ้านญาติ', 'มากกว่า 5,000 บาท', '5', '5', '', '5', '5', 5, '5', '5', 'พื้นราบสำหรับรถเข็น, ที่จอดรถผู้สูงอายุ, ที่นั่งพัก, สุขาผู้สูงอายุ/ผู้พิการ', 'ที่นั่งพัก, สุขาผู้สูงอายุ/ผู้พิการ', 'พื้นราบสำหรับรถเข็น, ที่จอดรถผู้สูงอายุ, ที่นั่งพัก, สุขาผู้สูงอายุ/ผู้พิการ', 'ที่นั่งพัก', 'ที่นั่งพัก', 'ที่จอดรถผู้สูงอายุ, ที่นั่งพัก', 'ที่นั่งพัก', 'ที่นั่งพัก', 70),
(71, '0', '', '', '', '', '', '', '', '', '', '', 0, '', '', '', '', '', '', '', '', '', '', 71),
(72, '1', 'ครอบครัว', 'รถส่วนตัว', '1 วัน', 'โรงแรม', 'มากกว่า 5,000 บาท', '5', '5', '', '5', '5', 4, '2', '3', 'ที่นั่งพัก', 'ที่นั่งพัก', 'ที่นั่งพัก', 'ที่นั่งพัก', 'ที่นั่งพัก', 'ที่นั่งพัก', 'ที่นั่งพัก', 'ที่นั่งพัก', 72),
(73, '1', 'ครอบครัว', 'รถส่วนตัว', '1 วัน', 'บ้านญาติ', '1,000 - 3,000 บาท', '5', '4', '4', '5', '4', 4, '5', '3', 'ที่จอดรถผู้สูงอายุ', 'ที่จอดรถผู้สูงอายุ', 'พื้นราบสำหรับรถเข็น', 'ที่นั่งพัก', 'พื้นราบสำหรับรถเข็น', 'ที่นั่งพัก', 'ที่นั่งพัก', 'ที่นั่งพัก', 73),
(74, '1', 'ครอบครัว', 'รถส่วนตัว', '1 วัน', 'โรงแรม', '1,000 - 3,000 บาท', '5', '4', '4', '5', '4', 5, '5', '4', 'พื้นราบสำหรับรถเข็น', 'พื้นราบสำหรับรถเข็น', 'พื้นราบสำหรับรถเข็น', 'พื้นราบสำหรับรถเข็น', 'พื้นราบสำหรับรถเข็น', 'พื้นราบสำหรับรถเข็น', 'พื้นราบสำหรับรถเข็น', 'พื้นราบสำหรับรถเข็น', 74),
(75, '1', 'ครอบครัว', 'รถส่วนตัว', '1 วัน', 'รีสอร์ท', '1,000 - 3,000 บาท', '5', '5', '5', '5', '2', 4, '5', '3', 'ที่นั่งพัก', 'อื่นๆ', 'ที่นั่งพัก', 'อื่นๆ', 'อื่นๆ', 'ที่นั่งพัก', 'อื่นๆ', 'ที่นั่งพัก', 75),
(76, '1', 'ครอบครัว', 'รถส่วนตัว', '2 - 3 วัน', 'โรงแรม', '3,000 – 5,000 บาท', '4', '4', '5', '5', '5', 4, '4', '5', 'ที่นั่งพัก', 'พื้นราบสำหรับรถเข็น, ที่นั่งพัก', 'ที่จอดรถผู้สูงอายุ', 'ที่จอดรถผู้สูงอายุ, ที่นั่งพัก', 'ที่จอดรถผู้สูงอายุ', 'พื้นราบสำหรับรถเข็น, ที่จอดรถผู้สูงอายุ', 'ที่จอดรถผู้สูงอายุ', 'พื้นราบสำหรับรถเข็น', 76),
(77, '1', 'ครอบครัว', 'รถส่วนตัว', '2 - 3 วัน', 'รีสอร์ท', '3,000 – 5,000 บาท', '5', '5', '5', '5', '5', 5, '5', '5', 'พื้นราบสำหรับรถเข็น', 'ที่จอดรถผู้สูงอายุ', 'พื้นราบสำหรับรถเข็น', 'ที่นั่งพัก', 'ที่นั่งพัก', 'ที่นั่งพัก', 'ที่นั่งพัก', 'ที่นั่งพัก', 77),
(78, '1', 'ครอบครัว', 'รถประจำทาง', '2 - 3 วัน', 'บ้านญาติ', '1,000 - 3,000 บาท', '4', '3', '', '4', '4', 5, '5', '5', 'ที่จอดรถผู้สูงอายุ', 'ที่นั่งพัก', 'ที่จอดรถผู้สูงอายุ', 'ที่นั่งพัก', 'ที่จอดรถผู้สูงอายุ', 'ที่จอดรถผู้สูงอายุ', 'ที่จอดรถผู้สูงอายุ', 'ที่นั่งพัก', 78),
(79, '1', 'ครอบครัว', 'รถส่วนตัว', '2 - 3 วัน', 'โรงแรม', '1,000 - 3,000 บาท', '5', '4', '4', '5', '4', 4, '4', '5', 'พื้นราบสำหรับรถเข็น', 'ที่นั่งพัก', '', 'ที่นั่งพัก', '', 'ที่นั่งพัก', 'ที่นั่งพัก', 'ที่นั่งพัก', 79),
(80, '1', 'ครอบครัว', 'รถตู้', '2 - 3 วัน', 'โรงแรม', '3,000 – 5,000 บาท', '5', '5', '5', '5', '5', 5, '5', '5', 'พื้นราบสำหรับรถเข็น, ที่นั่งพัก', 'ที่นั่งพัก', 'ที่จอดรถผู้สูงอายุ, ที่นั่งพัก', 'ที่นั่งพัก', 'พื้นราบสำหรับรถเข็น, ที่นั่งพัก', 'ที่นั่งพัก', 'ที่จอดรถผู้สูงอายุ, ที่นั่งพัก', 'ที่นั่งพัก', 80),
(81, '1', 'ครอบครัว', 'รถส่วนตัว', '2 - 3 วัน', 'โรงแรม', '3,000 – 5,000 บาท', '4', '', '5', '5', '3', 4, '5', '5', 'สุขาผู้สูงอายุ/ผู้พิการ', 'ที่จอดรถผู้สูงอายุ', 'ที่จอดรถผู้สูงอายุ', 'ที่นั่งพัก', 'พื้นราบสำหรับรถเข็น', 'สุขาผู้สูงอายุ/ผู้พิการ', 'ที่นั่งพัก', 'ที่นั่งพัก', 81),
(82, '1', 'ครอบครัว', 'รถบัส', '2 - 3 วัน', 'บ้านญาติ', '3,000 – 5,000 บาท', '4', '3', '5', '3', '3', 3, '5', '5', 'สุขาผู้สูงอายุ/ผู้พิการ', 'ที่จอดรถผู้สูงอายุ', 'พื้นราบสำหรับรถเข็น', 'พื้นราบสำหรับรถเข็น', 'ที่นั่งพัก', 'พื้นราบสำหรับรถเข็น', 'ที่จอดรถผู้สูงอายุ', 'ที่จอดรถผู้สูงอายุ', 82),
(83, '1', 'ครอบครัว', 'รถส่วนตัว', '2 - 3 วัน', 'รีสอร์ท', '3,000 – 5,000 บาท', '3', '2', '3', '5', '4', 4, '5', '5', 'ที่นั่งพัก', 'ที่นั่งพัก', 'ที่นั่งพัก', 'ที่นั่งพัก', 'ที่นั่งพัก', 'ที่นั่งพัก', 'ที่นั่งพัก', 'ที่นั่งพัก', 83),
(84, '0', '', '', '', '', '', '', '', '', '', '', 0, '', '', '', '', '', '', '', '', '', '', 84),
(85, '1', 'ครอบครัว', 'รถส่วนตัว', '1 วัน', 'บ้านตนเอง', '3,000 – 5,000 บาท', '4', '4', '4', '4', '3', 4, '4', '3', 'สุขาผู้สูงอายุ/ผู้พิการ', 'อื่นๆ', 'สุขาผู้สูงอายุ/ผู้พิการ', 'อื่นๆ', 'อื่นๆ', 'ที่นั่งพัก', 'ที่นั่งพัก', 'อื่นๆ', 85),
(86, '0', '', '', '', '', '', '', '', '', '', '', 0, '', '', '', '', '', '', '', '', '', '', 86),
(87, '1', 'ครอบครัว', 'รถส่วนตัว', '2 - 3 วัน', 'โรงแรม', 'มากกว่า 5,000 บาท', '4', '2', '2', '4', '4', 4, '4', '4', 'พื้นราบสำหรับรถเข็น, ที่จอดรถผู้สูงอายุ, ที่นั่งพัก', 'อื่นๆ', 'อื่นๆ', 'อื่นๆ', 'อื่นๆ', 'ที่นั่งพัก', 'ที่นั่งพัก', 'ที่นั่งพัก', 87),
(88, '1', 'ครอบครัว', 'รถส่วนตัว', '6 – 7 วัน', 'รีสอร์ท', '3,000 – 5,000 บาท', '5', '4', '5', '5', '4', 5, '5', '5', 'ที่นั่งพัก', 'ที่นั่งพัก', 'พื้นราบสำหรับรถเข็น', 'ที่นั่งพัก', 'ที่นั่งพัก', 'ที่นั่งพัก', 'ที่นั่งพัก', 'สุขาผู้สูงอายุ/ผู้พิการ', 88),
(89, '1', 'ครอบครัว', 'รถส่วนตัว', '2 - 3 วัน', 'รีสอร์ท', 'มากกว่า 5,000 บาท', '5', '3', '2', '4', '4', 5, '5', '5', 'พื้นราบสำหรับรถเข็น', 'ที่นั่งพัก', 'สุขาผู้สูงอายุ/ผู้พิการ', 'พื้นราบสำหรับรถเข็น', 'ที่จอดรถผู้สูงอายุ', 'ที่จอดรถผู้สูงอายุ', 'ที่จอดรถผู้สูงอายุ', 'พื้นราบสำหรับรถเข็น', 89),
(90, '0', '', '', '', '', '', '', '', '', '', '', 0, '', '', '', '', '', '', '', '', '', '', 90),
(91, '1', 'ครอบครัว', 'รถส่วนตัว', '4 – 5 วัน', 'รีสอร์ท', '3,000 – 5,000 บาท', '5', '5', '5', '5', '5', 5, '5', '4', 'ที่นั่งพัก', 'ที่นั่งพัก', 'ที่จอดรถผู้สูงอายุ', 'พื้นราบสำหรับรถเข็น', 'พื้นราบสำหรับรถเข็น', 'พื้นราบสำหรับรถเข็น', 'พื้นราบสำหรับรถเข็น', 'พื้นราบสำหรับรถเข็น', 91),
(92, '0', '', '', '', '', '', '', '', '', '', '', 0, '', '', '', '', '', '', '', '', '', '', 92),
(93, '1', 'ครอบครัว', 'รถส่วนตัว', '1 วัน', 'บ้านตนเอง', '1,000 - 3,000 บาท', '5', '3', '4', '4', '3', 4, '4', '4', 'ที่นั่งพัก, สุขาผู้สูงอายุ/ผู้พิการ', 'ที่นั่งพัก', 'ที่นั่งพัก', 'สุขาผู้สูงอายุ/ผู้พิการ, อื่นๆ', 'ที่นั่งพัก, อื่นๆ', 'ที่นั่งพัก', 'ที่นั่งพัก', 'ที่นั่งพัก', 93),
(94, '1', 'ครอบครัว', 'รถส่วนตัว', '6 – 7 วัน', 'รีสอร์ท', '3,000 – 5,000 บาท', '5', '5', '5', '5', '4', 5, '5', '5', 'พื้นราบสำหรับรถเข็น, ที่จอดรถผู้สูงอายุ, ที่นั่งพัก, สุขาผู้สูงอายุ/ผู้พิการ, อื่นๆ', 'ที่นั่งพัก', 'ที่นั่งพัก', 'พื้นราบสำหรับรถเข็น, ที่จอดรถผู้สูงอายุ, ที่นั่งพัก, สุขาผู้สูงอายุ/ผู้พิการ, อื่นๆ', 'พื้นราบสำหรับรถเข็น, ที่จอดรถผู้สูงอายุ, อื่นๆ', 'ที่จอดรถผู้สูงอายุ, ที่นั่งพัก, อื่นๆ', 'ที่นั่งพัก, อื่นๆ', 'ที่นั่งพัก, อื่นๆ', 94),
(95, '1', 'ครอบครัว', 'รถตู้', '4 – 5 วัน', 'บ้านญาติ', '1,000 - 3,000 บาท', '5', '5', '5', '5', '5', 2, '3', '5', 'พื้นราบสำหรับรถเข็น', 'พื้นราบสำหรับรถเข็น', 'พื้นราบสำหรับรถเข็น', 'ที่นั่งพัก', 'ที่จอดรถผู้สูงอายุ', 'ที่จอดรถผู้สูงอายุ', 'ที่จอดรถผู้สูงอายุ', 'ที่จอดรถผู้สูงอายุ', 95),
(96, '1', 'ครอบครัว', 'รถส่วนตัว', '2 - 3 วัน', 'โรงแรม', '1,000 - 3,000 บาท', '5', '4', '4', '5', '4', 5, '3', '3', 'พื้นราบสำหรับรถเข็น', 'พื้นราบสำหรับรถเข็น', 'ที่จอดรถผู้สูงอายุ', 'ที่จอดรถผู้สูงอายุ', 'ที่จอดรถผู้สูงอายุ', 'ที่นั่งพัก', 'ที่นั่งพัก', 'ที่นั่งพัก', 96),
(97, '1', 'ครอบครัว', 'รถส่วนตัว', '2 - 3 วัน', 'โรงแรม', 'มากกว่า 5,000 บาท', '5', '5', '5', '3', '5', 2, '4', '5', 'พื้นราบสำหรับรถเข็น', 'พื้นราบสำหรับรถเข็น', 'พื้นราบสำหรับรถเข็น', 'ที่นั่งพัก', 'สุขาผู้สูงอายุ/ผู้พิการ', 'ที่จอดรถผู้สูงอายุ', 'พื้นราบสำหรับรถเข็น', 'พื้นราบสำหรับรถเข็น', 97),
(98, '1', 'ครอบครัว', 'รถส่วนตัว', '2 - 3 วัน', 'โรงแรม', 'มากกว่า 5,000 บาท', '4', '3', '4', '4', '4', 2, '2', '2', 'ที่นั่งพัก', 'ที่นั่งพัก', 'ที่นั่งพัก', 'ที่นั่งพัก', 'ที่นั่งพัก', 'ที่นั่งพัก', 'ที่นั่งพัก', 'ที่นั่งพัก', 98),
(99, '1', 'ครอบครัว', 'รถส่วนตัว', '4 – 5 วัน', 'โรงแรม', '3,000 – 5,000 บาท', '5', '4', '3', '5', '4', 4, '4', '4', 'ที่จอดรถผู้สูงอายุ, ที่นั่งพัก, สุขาผู้สูงอายุ/ผู้พิการ', 'ที่จอดรถผู้สูงอายุ, สุขาผู้สูงอายุ/ผู้พิการ', 'ที่จอดรถผู้สูงอายุ, สุขาผู้สูงอายุ/ผู้พิการ', 'สุขาผู้สูงอายุ/ผู้พิการ', 'ที่จอดรถผู้สูงอายุ', 'ที่นั่งพัก', 'ที่จอดรถผู้สูงอายุ', 'ที่จอดรถผู้สูงอายุ, ที่นั่งพัก, สุขาผู้สูงอายุ/ผู้พิการ', 99),
(100, '0', '', '', '', '', '', '', '', '', '', '', 0, '', '', '', '', '', '', '', '', '', '', 100),
(101, '0', '', '', '', '', '', '', '', '', '', '', 0, '', '', '', '', '', '', '', '', '', '', 101),
(102, '0', '', '', '', '', '', '', '', '', '', '', 0, '', '', '', '', '', '', '', '', '', '', 102),
(103, '1', 'เพื่อน', 'รถส่วนตัว', '1 วัน', 'หอพัก', 'น้อยกว่า 1,000 บาท', '5', '5', '5', '5', '5', 5, '5', '5', 'ที่นั่งพัก', 'ที่นั่งพัก', 'ที่นั่งพัก', 'ที่นั่งพัก', 'ที่นั่งพัก', 'ที่นั่งพัก', 'ที่นั่งพัก', 'ที่นั่งพัก', 103),
(104, '1', 'ครอบครัว', 'รถส่วนตัว', '2 - 3 วัน', 'บ้านญาติ', '1,000 - 3,000 บาท', '4', '2', '3', '2', '2', 3, '3', '3', 'ที่นั่งพัก', 'ที่นั่งพัก', 'สุขาผู้สูงอายุ/ผู้พิการ', 'ที่นั่งพัก', 'ที่นั่งพัก', 'พื้นราบสำหรับรถเข็น', 'พื้นราบสำหรับรถเข็น', 'ที่นั่งพัก', 104),
(105, '0', '', '', '', '', '', '', '', '', '', '', 0, '', '', '', '', '', '', '', '', '', '', 105),
(106, '0', '', '', '', '', '', '', '', '', '', '', 0, '', '', '', '', '', '', '', '', '', '', 106),
(107, '1', 'ครอบครัว', 'รถส่วนตัว', '1 วัน', 'บ้านตนเอง', 'น้อยกว่า 1,000 บาท', '5', '5', '5', '5', '4', 5, '4', '4', 'พื้นราบสำหรับรถเข็น, ที่นั่งพัก', '', 'ที่จอดรถผู้สูงอายุ, ที่นั่งพัก', 'ที่นั่งพัก', 'ที่จอดรถผู้สูงอายุ', 'ที่นั่งพัก', 'ที่จอดรถผู้สูงอายุ', 'พื้นราบสำหรับรถเข็น', 107),
(108, '1', 'ครอบครัว', 'รถส่วนตัว', '2 - 3 วัน', 'บ้านญาติ', '3,000 – 5,000 บาท', '5', '4', '4', '5', '3', 5, '5', '5', 'ที่จอดรถผู้สูงอายุ, ที่นั่งพัก, สุขาผู้สูงอายุ/ผู้พิการ', 'ที่นั่งพัก', 'ที่นั่งพัก, สุขาผู้สูงอายุ/ผู้พิการ', 'สุขาผู้สูงอายุ/ผู้พิการ', '', 'ที่นั่งพัก, สุขาผู้สูงอายุ/ผู้พิการ', 'ที่นั่งพัก', '', 108),
(109, '0', '', '', '', '', '', '', '', '', '', '', 0, '', '', '', '', '', '', '', '', '', '', 109),
(110, '1', 'ครอบครัว', 'รถตู้', '2 - 3 วัน', 'บ้านญาติ', '3,000 – 5,000 บาท', '5', '5', '5', '5', '5', 5, '5', '5', 'พื้นราบสำหรับรถเข็น, ที่จอดรถผู้สูงอายุ, ที่นั่งพัก', 'ที่นั่งพัก', 'พื้นราบสำหรับรถเข็น, ที่จอดรถผู้สูงอายุ, ที่นั่งพัก', 'พื้นราบสำหรับรถเข็น, ที่นั่งพัก', 'ที่นั่งพัก', 'ที่นั่งพัก', 'ที่นั่งพัก', 'ที่นั่งพัก', 110),
(111, '1', 'ครอบครัว', 'รถส่วนตัว', '1 วัน', 'บ้านญาติ', '1,000 - 3,000 บาท', '5', '4', '4', '5', '5', 5, '5', '5', 'พื้นราบสำหรับรถเข็น, ที่นั่งพัก', 'ที่นั่งพัก', 'ที่นั่งพัก', 'ที่นั่งพัก', 'ที่นั่งพัก', 'ที่นั่งพัก', 'ที่นั่งพัก', 'ที่นั่งพัก', 111),
(112, '1', 'ครอบครัว', 'รถส่วนตัว', '2 - 3 วัน', 'รีสอร์ท', '3,000 – 5,000 บาท', '5', '5', '5', '5', '5', 5, '5', '5', 'ที่นั่งพัก', '', '', 'ที่นั่งพัก', 'ที่นั่งพัก', 'ที่นั่งพัก', '', '', 112),
(113, '1', 'ครอบครัว', 'รถส่วนตัว', '4 – 5 วัน', 'บ้านญาติ', 'มากกว่า 5,000 บาท', '5', '5', '5', '5', '4', 4, '4', '5', 'ที่จอดรถผู้สูงอายุ', 'ที่นั่งพัก', '', 'ที่นั่งพัก', 'ที่นั่งพัก', 'พื้นราบสำหรับรถเข็น', 'ที่นั่งพัก', 'ที่นั่งพัก', 113),
(114, '1', 'เพื่อน', 'รถตู้', '2 - 3 วัน', 'รีสอร์ท', '3,000 – 5,000 บาท', '5', '5', '5', '5', '5', 5, '5', '5', 'ที่นั่งพัก, อื่นๆ', 'ที่นั่งพัก, อื่นๆ', 'ที่จอดรถผู้สูงอายุ, อื่นๆ', 'ที่จอดรถผู้สูงอายุ, อื่นๆ', 'พื้นราบสำหรับรถเข็น, อื่นๆ', 'ที่นั่งพัก, อื่นๆ', 'พื้นราบสำหรับรถเข็น, อื่นๆ', 'ที่จอดรถผู้สูงอายุ, อื่นๆ', 114),
(115, '0', '', '', '', '', '', '', '', '', '', '', 0, '', '', '', '', '', '', '', '', '', '', 115),
(116, '1', 'ครอบครัว', 'รถส่วนตัว', '2 - 3 วัน', 'บ้านตนเอง', '3,000 – 5,000 บาท', '4', '4', '4', '4', '3', 3, '3', '3', 'ที่นั่งพัก', 'สุขาผู้สูงอายุ/ผู้พิการ', 'พื้นราบสำหรับรถเข็น', 'พื้นราบสำหรับรถเข็น', 'ที่จอดรถผู้สูงอายุ', 'อื่นๆ', 'ที่นั่งพัก, สุขาผู้สูงอายุ/ผู้พิการ', 'สุขาผู้สูงอายุ/ผู้พิการ, อื่นๆ', 116),
(117, '1', 'เพื่อน', 'รถตู้', '2 - 3 วัน', 'บ้านญาติ', '3,000 – 5,000 บาท', '4', '4', '4', '3', '3', 4, '3', '3', 'ที่นั่งพัก, สุขาผู้สูงอายุ/ผู้พิการ', 'ที่นั่งพัก, สุขาผู้สูงอายุ/ผู้พิการ', 'ที่นั่งพัก', 'ที่นั่งพัก', 'ที่นั่งพัก', 'ที่นั่งพัก', 'ที่นั่งพัก', 'ที่นั่งพัก', 117),
(118, '1', 'ครอบครัว', 'รถส่วนตัว', '2 - 3 วัน', 'โรงแรม', '1,000 - 3,000 บาท', '5', '5', '5', '4', '4', 4, '4', '4', 'ที่นั่งพัก', 'ที่นั่งพัก', 'ที่นั่งพัก', 'ที่นั่งพัก', 'ที่นั่งพัก', 'ที่นั่งพัก', 'ที่นั่งพัก', 'ที่นั่งพัก', 118),
(119, '1', 'ครอบครัว', 'รถส่วนตัว', '1 วัน', 'โรงแรม', '1,000 - 3,000 บาท', '5', '5', '4', '5', '4', 4, '4', '4', 'ที่นั่งพัก', 'สุขาผู้สูงอายุ/ผู้พิการ', 'อื่นๆ', 'อื่นๆ', 'ที่นั่งพัก', 'สุขาผู้สูงอายุ/ผู้พิการ', 'อื่นๆ', 'อื่นๆ', 119),
(120, '1', 'ครอบครัว', 'รถส่วนตัว', '2 - 3 วัน', 'โรงแรม', '3,000 – 5,000 บาท', '4', '3', '4', '4', '4', 4, '4', '5', 'พื้นราบสำหรับรถเข็น, ที่นั่งพัก, สุขาผู้สูงอายุ/ผู้พิการ', 'พื้นราบสำหรับรถเข็น', 'พื้นราบสำหรับรถเข็น', 'พื้นราบสำหรับรถเข็น', 'พื้นราบสำหรับรถเข็น', 'พื้นราบสำหรับรถเข็น', 'พื้นราบสำหรับรถเข็น', 'พื้นราบสำหรับรถเข็น', 120),
(121, '1', 'ครอบครัว', 'รถส่วนตัว', '2 - 3 วัน', 'โรงแรม', '3,000 – 5,000 บาท', '4', '3', '4', '4', '4', 4, '4', '5', 'พื้นราบสำหรับรถเข็น, ที่นั่งพัก, สุขาผู้สูงอายุ/ผู้พิการ', 'พื้นราบสำหรับรถเข็น', 'พื้นราบสำหรับรถเข็น', 'พื้นราบสำหรับรถเข็น', 'พื้นราบสำหรับรถเข็น', 'พื้นราบสำหรับรถเข็น', 'พื้นราบสำหรับรถเข็น', 'พื้นราบสำหรับรถเข็น', 121),
(122, '1', 'ครอบครัว', 'รถส่วนตัว', '2 - 3 วัน', 'โรงแรม', '3,000 – 5,000 บาท', '4', '3', '4', '4', '4', 4, '4', '5', 'พื้นราบสำหรับรถเข็น, ที่นั่งพัก, สุขาผู้สูงอายุ/ผู้พิการ', 'พื้นราบสำหรับรถเข็น', 'พื้นราบสำหรับรถเข็น', 'พื้นราบสำหรับรถเข็น', 'พื้นราบสำหรับรถเข็น', 'พื้นราบสำหรับรถเข็น', 'พื้นราบสำหรับรถเข็น', 'พื้นราบสำหรับรถเข็น', 122),
(123, '0', '', '', '', '', '', '', '', '', '', '', 0, '', '', '', '', '', '', '', '', '', '', 123),
(124, '1', 'ครอบครัว', 'รถส่วนตัว', '4 – 5 วัน', 'บ้านญาติ', '3,000 – 5,000 บาท', '5', '1', '5', '5', '2', 2, '2', '1', 'ที่นั่งพัก', 'ที่นั่งพัก', 'ที่นั่งพัก', 'ที่นั่งพัก', 'ที่นั่งพัก', 'ที่นั่งพัก', 'ที่นั่งพัก', 'ที่นั่งพัก', 124),
(125, '1', 'ครอบครัว', 'รถส่วนตัว', '6 – 7 วัน', 'บ้านญาติ', '1,000 - 3,000 บาท', '5', '5', '5', '5', '5', 5, '5', '5', 'พื้นราบสำหรับรถเข็น, ที่จอดรถผู้สูงอายุ, ที่นั่งพัก', 'พื้นราบสำหรับรถเข็น, ที่จอดรถผู้สูงอายุ, ที่นั่งพัก', 'พื้นราบสำหรับรถเข็น, ที่จอดรถผู้สูงอายุ, ที่นั่งพัก', 'พื้นราบสำหรับรถเข็น, ที่จอดรถผู้สูงอายุ, ที่นั่งพัก', 'พื้นราบสำหรับรถเข็น, ที่จอดรถผู้สูงอายุ, ที่นั่งพัก', 'ที่นั่งพัก', 'ที่จอดรถผู้สูงอายุ, สุขาผู้สูงอายุ/ผู้พิการ, อื่นๆ', 'ที่จอดรถผู้สูงอายุ', 125),
(126, '1', 'ครอบครัว', 'รถส่วนตัว', '4 – 5 วัน', 'บ้านญาติ', 'มากกว่า 5,000 บาท', '5', '5', '5', '5', '5', 4, '4', '4', '', '', '', '', '', '', '', '', 126),
(127, '0', '', '', '', '', '', '', '', '', '', '', 0, '', '', '', '', '', '', '', '', '', '', 127),
(128, '1', 'ครอบครัว', 'รถส่วนตัว', '1 วัน', 'บ้านตนเอง', '1,000 - 3,000 บาท', '4', '', '', '', '', 4, '4', '3', 'พื้นราบสำหรับรถเข็น, ที่จอดรถผู้สูงอายุ, ที่นั่งพัก, สุขาผู้สูงอายุ/ผู้พิการ', '', '', '', '', '', 'ที่นั่งพัก', 'ที่นั่งพัก', 128),
(129, '1', 'ครอบครัว', 'รถประจำทาง', '1 วัน', 'บ้านญาติ', '3,000 – 5,000 บาท', '5', '5', '5', '5', '5', 5, '5', '5', 'พื้นราบสำหรับรถเข็น, ที่นั่งพัก', 'พื้นราบสำหรับรถเข็น, ที่นั่งพัก', 'พื้นราบสำหรับรถเข็น, ที่นั่งพัก', 'พื้นราบสำหรับรถเข็น, ที่นั่งพัก', 'ที่นั่งพัก', 'ที่นั่งพัก', 'ที่นั่งพัก', 'ที่นั่งพัก', 129),
(130, '1', 'ครอบครัว', 'รถส่วนตัว', '1 วัน', 'บ้านตนเอง', '1,000 - 3,000 บาท', '5', '4', '4', '4', '4', 4, '4', '4', 'ที่จอดรถผู้สูงอายุ', 'ที่จอดรถผู้สูงอายุ', 'ที่จอดรถผู้สูงอายุ', 'ที่จอดรถผู้สูงอายุ', 'ที่จอดรถผู้สูงอายุ', 'ที่จอดรถผู้สูงอายุ', 'ที่จอดรถผู้สูงอายุ', 'ที่จอดรถผู้สูงอายุ', 130),
(131, '1', 'ครอบครัว', 'รถส่วนตัว', '1 วัน', 'โรงแรม', '1,000 - 3,000 บาท', '4', '4', '4', '4', '4', 4, '4', '4', 'ที่นั่งพัก', 'ที่นั่งพัก', 'ที่นั่งพัก', 'ที่นั่งพัก', 'ที่นั่งพัก', 'ที่นั่งพัก', 'ที่นั่งพัก', 'ที่นั่งพัก', 131),
(132, '1', 'ครอบครัว', 'รถบัส', '1 วัน', 'โรงแรม', '3,000 – 5,000 บาท', '5', '5', '5', '5', '5', 5, '5', '5', 'ที่นั่งพัก', 'ที่นั่งพัก', 'ที่นั่งพัก', 'ที่นั่งพัก', 'ที่นั่งพัก', 'ที่นั่งพัก', 'ที่นั่งพัก', 'ที่นั่งพัก', 132),
(133, '1', 'ครอบครัว', 'รถส่วนตัว', '1 วัน', 'โรงแรม', '1,000 - 3,000 บาท', '4', '4', '4', '4', '4', 4, '4', '4', 'ที่นั่งพัก', 'ที่นั่งพัก', 'ที่นั่งพัก', 'ที่นั่งพัก', 'ที่นั่งพัก', 'ที่นั่งพัก', 'ที่นั่งพัก', 'ที่นั่งพัก', 133),
(134, '0', '', '', '', '', '', '', '', '', '', '', 0, '', '', '', '', '', '', '', '', '', '', 134),
(135, '0', '', '', '', '', '', '', '', '', '', '', 0, '', '', '', '', '', '', '', '', '', '', 135),
(136, '0', '', '', '', '', '', '', '', '', '', '', 0, '', '', '', '', '', '', '', '', '', '', 136),
(137, '0', '', '', '', '', '', '', '', '', '', '', 0, '', '', '', '', '', '', '', '', '', '', 137),
(138, '1', 'ครอบครัว', 'รถส่วนตัว', '1 วัน', 'ไปกลับ', '1,000 - 3,000 บาท', '5', '4', '5', '4', '3', 2, '2', '2', 'ที่นั่งพัก', 'ที่นั่งพัก', 'ที่นั่งพัก', 'ที่นั่งพัก', 'ที่นั่งพัก', 'ที่นั่งพัก', 'ที่นั่งพัก', 'ที่นั่งพัก', 138),
(139, '1', 'ครอบครัว', 'รถส่วนตัว', '1 วัน', 'ไป-กลับ', '1,000 - 3,000 บาท', '5', '3', '5', '5', '4', 4, '5', '5', 'ที่นั่งพัก', 'ที่นั่งพัก', 'ที่นั่งพัก', 'ที่นั่งพัก', 'ที่นั่งพัก', 'ที่นั่งพัก', 'ที่นั่งพัก', 'ที่นั่งพัก', 139),
(140, '1', 'ครอบครัว', 'รถส่วนตัว', '1 วัน', 'รีสอร์ท', 'มากกว่า 5,000 บาท', '4', '', '', '', '', 4, '4', '', 'ที่จอดรถผู้สูงอายุ', '', '', '', '', 'ที่จอดรถผู้สูงอายุ', 'ที่จอดรถผู้สูงอายุ', '', 140),
(141, '0', '', '', '', '', '', '', '', '', '', '', 0, '', '', '', '', '', '', '', '', '', '', 141),
(142, '1', 'ครอบครัว', 'รถส่วนตัว', '2 - 3 วัน', 'บ้านญาติ', '1,000 - 3,000 บาท', '5', '5', '5', '5', '5', 5, '5', '5', 'ที่นั่งพัก', 'ที่นั่งพัก', 'ที่นั่งพัก', 'ที่นั่งพัก', 'ที่นั่งพัก', 'ที่นั่งพัก', 'ที่นั่งพัก', 'ที่นั่งพัก', 142),
(143, '0', '', '', '', '', '', '', '', '', '', '', 0, '', '', '', '', '', '', '', '', '', '', 143),
(144, '0', '', '', '', '', '', '', '', '', '', '', 0, '', '', '', '', '', '', '', '', '', '', 144),
(145, '0', '', '', '', '', '', '', '', '', '', '', 0, '', '', '', '', '', '', '', '', '', '', 145),
(146, '1', 'ครอบครัว', 'รถส่วนตัว', '1 วัน', 'บ้านตนเอง', '1,000 - 3,000 บาท', '5', '5', '5', '5', '5', 5, '5', '5', 'ที่จอดรถผู้สูงอายุ, ที่นั่งพัก', 'ที่นั่งพัก', 'ที่นั่งพัก', 'พื้นราบสำหรับรถเข็น, ที่นั่งพัก', 'ที่นั่งพัก', 'ที่จอดรถผู้สูงอายุ, ที่นั่งพัก', 'ที่นั่งพัก', 'ที่จอดรถผู้สูงอายุ, ที่นั่งพัก', 146),
(147, '0', '', '', '', '', '', '', '', '', '', '', 0, '', '', '', '', '', '', '', '', '', '', 147),
(148, '0', '', '', '', '', '', '', '', '', '', '', 0, '', '', '', '', '', '', '', '', '', '', 148),
(149, '1', 'ครอบครัว', 'รถส่วนตัว', '1 วัน', 'บ้านตนเอง', '1,000 - 3,000 บาท', '5', '5', '5', '5', '5', 5, '5', '5', 'พื้นราบสำหรับรถเข็น, ที่นั่งพัก', 'พื้นราบสำหรับรถเข็น, ที่จอดรถผู้สูงอายุ, ที่นั่งพัก', 'พื้นราบสำหรับรถเข็น, ที่นั่งพัก', 'พื้นราบสำหรับรถเข็น, ที่นั่งพัก', 'พื้นราบสำหรับรถเข็น, ที่จอดรถผู้สูงอายุ, ที่นั่งพัก', 'ที่นั่งพัก', 'ที่นั่งพัก', 'ที่นั่งพัก', 149),
(150, '1', 'กลุ่มผู้สูงอายุ', 'รถบัส', '2 - 3 วัน', 'โรงแรม', 'น้อยกว่า 1,000 บาท', '5', '3', '4', '2', '3', 0, '4', '3', 'พื้นราบสำหรับรถเข็น, ที่จอดรถผู้สูงอายุ, ที่นั่งพัก', 'พื้นราบสำหรับรถเข็น, ที่นั่งพัก', 'พื้นราบสำหรับรถเข็น, ที่นั่งพัก', '', '', 'ที่นั่งพัก', '', 'ที่นั่งพัก', 150);

-- --------------------------------------------------------

--
-- Table structure for table `save_record`
--

CREATE TABLE `save_record` (
  `id_save_record` int(10) NOT NULL,
  `name_location` text COLLATE utf8_unicode_ci NOT NULL,
  `latitude` varchar(20) COLLATE utf8_unicode_ci NOT NULL,
  `longitude` varchar(20) COLLATE utf8_unicode_ci NOT NULL,
  `memo_detail` text COLLATE utf8_unicode_ci NOT NULL,
  `date` datetime NOT NULL,
  `year` year(4) NOT NULL,
  `id_user` int(11) NOT NULL
) ENGINE=InnoDB DEFAULT CHARSET=utf8 COLLATE=utf8_unicode_ci;

-- --------------------------------------------------------

--
-- Table structure for table `users`
--

CREATE TABLE `users` (
  `id_user` int(11) NOT NULL,
  `first_name` varchar(50) COLLATE utf8_unicode_ci NOT NULL,
  `last_name` varchar(50) COLLATE utf8_unicode_ci NOT NULL,
  `email` varchar(100) COLLATE utf8_unicode_ci NOT NULL,
  `password` varchar(100) COLLATE utf8_unicode_ci NOT NULL,
  `hash` varchar(32) COLLATE utf8_unicode_ci NOT NULL,
  `active` tinyint(1) NOT NULL DEFAULT '0'
) ENGINE=InnoDB DEFAULT CHARSET=utf8 COLLATE=utf8_unicode_ci;

--
-- Indexes for dumped tables
--

--
-- Indexes for table `data_chiangmai`
--
ALTER TABLE `data_chiangmai`
  ADD PRIMARY KEY (`id_chiangmai`),
  ADD KEY `id_chiangrai` (`id_chiangrai`);

--
-- Indexes for table `data_chiangrai`
--
ALTER TABLE `data_chiangrai`
  ADD PRIMARY KEY (`id_chiangrai`);

--
-- Indexes for table `data_oldcase`
--
ALTER TABLE `data_oldcase`
  ADD PRIMARY KEY (`id_data_oldcase`),
  ADD KEY `id_phitsanulok` (`id_phitsanulok`);

--
-- Indexes for table `data_phetchabun`
--
ALTER TABLE `data_phetchabun`
  ADD PRIMARY KEY (`id_phetchabun`),
  ADD KEY `id_chiangmai` (`id_chiangmai`);

--
-- Indexes for table `data_phitsanulok`
--
ALTER TABLE `data_phitsanulok`
  ADD PRIMARY KEY (`id_phitsanulok`),
  ADD KEY `id_phetchabun` (`id_phetchabun`);

--
-- Indexes for table `save_record`
--
ALTER TABLE `save_record`
  ADD PRIMARY KEY (`id_save_record`),
  ADD KEY `id_user` (`id_user`);

--
-- Indexes for table `users`
--
ALTER TABLE `users`
  ADD PRIMARY KEY (`id_user`);

--
-- AUTO_INCREMENT for dumped tables
--

--
-- AUTO_INCREMENT for table `data_chiangmai`
--
ALTER TABLE `data_chiangmai`
  MODIFY `id_chiangmai` int(5) NOT NULL AUTO_INCREMENT, AUTO_INCREMENT=151;

--
-- AUTO_INCREMENT for table `data_chiangrai`
--
ALTER TABLE `data_chiangrai`
  MODIFY `id_chiangrai` int(5) NOT NULL AUTO_INCREMENT, AUTO_INCREMENT=151;

--
-- AUTO_INCREMENT for table `data_oldcase`
--
ALTER TABLE `data_oldcase`
  MODIFY `id_data_oldcase` int(7) NOT NULL AUTO_INCREMENT, AUTO_INCREMENT=151;

--
-- AUTO_INCREMENT for table `data_phetchabun`
--
ALTER TABLE `data_phetchabun`
  MODIFY `id_phetchabun` int(5) NOT NULL AUTO_INCREMENT, AUTO_INCREMENT=151;

--
-- AUTO_INCREMENT for table `data_phitsanulok`
--
ALTER TABLE `data_phitsanulok`
  MODIFY `id_phitsanulok` int(5) NOT NULL AUTO_INCREMENT, AUTO_INCREMENT=151;

--
-- AUTO_INCREMENT for table `save_record`
--
ALTER TABLE `save_record`
  MODIFY `id_save_record` int(10) NOT NULL AUTO_INCREMENT;

--
-- AUTO_INCREMENT for table `users`
--
ALTER TABLE `users`
  MODIFY `id_user` int(11) NOT NULL AUTO_INCREMENT;

--
-- Constraints for dumped tables
--

--
-- Constraints for table `data_chiangmai`
--
ALTER TABLE `data_chiangmai`
  ADD CONSTRAINT `data_chiangmai_ibfk_1` FOREIGN KEY (`id_chiangrai`) REFERENCES `data_chiangrai` (`id_chiangrai`);

--
-- Constraints for table `data_oldcase`
--
ALTER TABLE `data_oldcase`
  ADD CONSTRAINT `data_oldcase_ibfk_1` FOREIGN KEY (`id_phitsanulok`) REFERENCES `data_phitsanulok` (`id_phitsanulok`);

--
-- Constraints for table `data_phetchabun`
--
ALTER TABLE `data_phetchabun`
  ADD CONSTRAINT `data_phetchabun_ibfk_1` FOREIGN KEY (`id_chiangmai`) REFERENCES `data_chiangmai` (`id_chiangmai`);

--
-- Constraints for table `data_phitsanulok`
--
ALTER TABLE `data_phitsanulok`
  ADD CONSTRAINT `data_phitsanulok_ibfk_1` FOREIGN KEY (`id_phetchabun`) REFERENCES `data_phetchabun` (`id_phetchabun`);

--
-- Constraints for table `save_record`
--
ALTER TABLE `save_record`
  ADD CONSTRAINT `save_record_ibfk_1` FOREIGN KEY (`id_user`) REFERENCES `users` (`id_user`);
COMMIT;

/*!40101 SET CHARACTER_SET_CLIENT=@OLD_CHARACTER_SET_CLIENT */;
/*!40101 SET CHARACTER_SET_RESULTS=@OLD_CHARACTER_SET_RESULTS */;
/*!40101 SET COLLATION_CONNECTION=@OLD_COLLATION_CONNECTION */;
